x-axis,1,2
second,Volt,Volt
+79.0000E-06,+48.2412055E-03,+86.1809036E-03
+79.2500E-06,+40.4522609E-03,+88.1909538E-03
+79.5000E-06,+54.5226125E-03,+86.6834162E-03
+79.7500E-06,+40.2010046E-03,+84.1708534E-03
+80.0000E-06,+48.2412055E-03,+86.1809036E-03
+80.2500E-06,+40.4522609E-03,+88.4422101E-03
+80.5000E-06,+48.2412055E-03,+80.4020092E-03
+80.7500E-06,+48.2412055E-03,+92.7135668E-03
+81.0000E-06,+48.2412055E-03,+88.4422101E-03
+81.2500E-06,+40.4522609E-03,+88.4422101E-03
+81.5000E-06,+56.2814064E-03,+88.4422101E-03
+81.7500E-06,+44.4723613E-03,+88.4422101E-03
+82.0000E-06,+54.0200999E-03,+94.2211045E-03
+82.2500E-06,+56.2814064E-03,+88.4422101E-03
+82.5000E-06,+58.0402004E-03,+94.7236171E-03
+82.7500E-06,+56.2814064E-03,+96.4824110E-03
+83.0000E-06,+59.7989943E-03,+94.2211045E-03
+83.2500E-06,+48.2412055E-03,+96.4824110E-03
+83.5000E-06,+49.9999995E-03,+98.2412050E-03
+83.7500E-06,+60.5527632E-03,+100.7537678E-03
+84.0000E-06,+64.3216074E-03,+96.4824110E-03
+84.2500E-06,+64.0703511E-03,+96.7336673E-03
+84.5000E-06,+62.5628134E-03,+98.2412050E-03
+84.7500E-06,+60.0502506E-03,+100.2512552E-03
+85.0000E-06,+64.3216074E-03,+102.2613054E-03
+85.2500E-06,+64.3216074E-03,+104.5226119E-03
+85.5000E-06,+58.0402004E-03,+96.4824110E-03
+85.7500E-06,+60.0502506E-03,+104.5226119E-03
+86.0000E-06,+64.3216074E-03,+96.4824110E-03
+86.2500E-06,+64.5728636E-03,+104.2713557E-03
+86.5000E-06,+70.6030143E-03,+102.7638180E-03
+86.7500E-06,+64.3216074E-03,+112.5628129E-03
+87.0000E-06,+70.1005018E-03,+104.5226119E-03
+87.2500E-06,+64.3216074E-03,+96.7336673E-03
+87.5000E-06,+70.6030143E-03,+104.5226119E-03
+87.7500E-06,+68.0904515E-03,+108.7939687E-03
+88.0000E-06,+72.3618083E-03,+104.5226119E-03
+88.2500E-06,+64.5728636E-03,+104.5226119E-03
+88.5000E-06,+72.3618083E-03,+104.5226119E-03
+88.7500E-06,+76.6331650E-03,+108.2914561E-03
+89.0000E-06,+80.4020092E-03,+98.7437175E-03
+89.2500E-06,+72.3618083E-03,+105.0251245E-03
+89.5000E-06,+78.6432152E-03,+112.5628129E-03
+89.7500E-06,+72.3618083E-03,+116.8341696E-03
+90.0000E-06,+74.6231148E-03,+112.5628129E-03
+90.2500E-06,+72.6130645E-03,+104.5226119E-03
+90.5000E-06,+74.1206022E-03,+106.2814059E-03
+90.7500E-06,+80.4020092E-03,+116.8341696E-03
+91.0000E-06,+80.4020092E-03,+112.5628129E-03
+91.2500E-06,+88.1909538E-03,+112.5628129E-03
+91.5000E-06,+88.4422101E-03,+120.6030138E-03
+91.7500E-06,+80.4020092E-03,+116.8341696E-03
+92.0000E-06,+82.6633157E-03,+120.6030138E-03
+92.2500E-06,+80.4020092E-03,+128.3919584E-03
+92.5000E-06,+88.4422101E-03,+120.6030138E-03
+92.7500E-06,+80.4020092E-03,+120.6030138E-03
+93.0000E-06,+90.7035166E-03,+120.6030138E-03
+93.2500E-06,+88.4422101E-03,+120.6030138E-03
+93.5000E-06,+82.1608031E-03,+126.8844208E-03
+93.7500E-06,+88.4422101E-03,+128.6432147E-03
+94.0000E-06,+88.4422101E-03,+126.3819082E-03
+94.2500E-06,+88.6934664E-03,+128.6432147E-03
+94.5000E-06,+88.4422101E-03,+122.3618077E-03
+94.7500E-06,+88.4422101E-03,+128.6432147E-03
+95.0000E-06,+96.4824110E-03,+130.9045212E-03
+95.2500E-06,+104.0200994E-03,+128.8944710E-03
+95.5000E-06,+90.2010041E-03,+136.6834156E-03
+95.7500E-06,+88.4422101E-03,+136.6834156E-03
+96.0000E-06,+96.4824110E-03,+130.9045212E-03
+96.2500E-06,+104.5226119E-03,+136.6834156E-03
+96.5000E-06,+91.9597980E-03,+136.6834156E-03
+96.7500E-06,+96.4824110E-03,+132.4120589E-03
+97.0000E-06,+102.2613054E-03,+142.4623100E-03
+97.2500E-06,+104.7738682E-03,+128.8944710E-03
+97.5000E-06,+96.4824110E-03,+130.4020087E-03
+97.7500E-06,+104.5226119E-03,+136.6834156E-03
+98.0000E-06,+104.5226119E-03,+144.7236165E-03
+98.2500E-06,+96.7336673E-03,+136.6834156E-03
+98.5000E-06,+96.4824110E-03,+134.9246217E-03
+98.7500E-06,+112.5628129E-03,+136.6834156E-03
+99.0000E-06,+98.7437175E-03,+136.6834156E-03
+99.2500E-06,+104.5226119E-03,+136.6834156E-03
+99.5000E-06,+106.2814059E-03,+144.7236165E-03
+99.7500E-06,+104.5226119E-03,+140.4522598E-03
+100.0000E-06,+106.7839185E-03,+136.6834156E-03
+100.2500E-06,+112.5628129E-03,+144.7236165E-03
+100.5000E-06,+112.5628129E-03,+142.9648226E-03
+100.7500E-06,+112.5628129E-03,+144.7236165E-03
+101.0000E-06,+106.7839185E-03,+150.5025110E-03
+101.2500E-06,+112.5628129E-03,+144.7236165E-03
+101.5000E-06,+112.5628129E-03,+144.7236165E-03
+101.7500E-06,+112.5628129E-03,+152.7638175E-03
+102.0000E-06,+112.5628129E-03,+150.5025110E-03
+102.2500E-06,+120.6030138E-03,+152.7638175E-03
+102.5000E-06,+118.8442198E-03,+144.7236165E-03
+102.7500E-06,+112.5628129E-03,+152.7638175E-03
+103.0000E-06,+120.6030138E-03,+149.2462296E-03
+103.2500E-06,+120.6030138E-03,+153.0150737E-03
+103.5000E-06,+120.6030138E-03,+152.7638175E-03
+103.7500E-06,+120.6030138E-03,+156.5326616E-03
+104.0000E-06,+120.6030138E-03,+155.0251240E-03
+104.2500E-06,+128.3919584E-03,+160.8040184E-03
+104.5000E-06,+128.6432147E-03,+152.7638175E-03
+104.7500E-06,+124.8743705E-03,+156.5326616E-03
+105.0000E-06,+120.6030138E-03,+158.5427119E-03
+105.2500E-06,+120.8542701E-03,+160.8040184E-03
+105.5000E-06,+126.8844208E-03,+168.8442193E-03
+105.7500E-06,+124.3718580E-03,+160.8040184E-03
+106.0000E-06,+128.6432147E-03,+168.8442193E-03
+106.2500E-06,+128.6432147E-03,+168.5929630E-03
+106.5000E-06,+128.6432147E-03,+173.3668323E-03
+106.7500E-06,+124.3718580E-03,+168.8442193E-03
+107.0000E-06,+128.6432147E-03,+164.3216063E-03
+107.2500E-06,+128.8944710E-03,+168.8442193E-03
+107.5000E-06,+128.6432147E-03,+167.0854253E-03
+107.7500E-06,+132.4120589E-03,+164.5728626E-03
+108.0000E-06,+134.4221091E-03,+168.8442193E-03
+108.2500E-06,+136.6834156E-03,+176.6331639E-03
+108.5000E-06,+136.6834156E-03,+168.8442193E-03
+108.7500E-06,+136.6834156E-03,+168.8442193E-03
+109.0000E-06,+136.6834156E-03,+171.1055258E-03
+109.2500E-06,+136.6834156E-03,+176.8844202E-03
+109.5000E-06,+142.9648226E-03,+170.6030132E-03
+109.7500E-06,+140.9547724E-03,+168.8442193E-03
+110.0000E-06,+136.6834156E-03,+176.8844202E-03
+110.2500E-06,+136.9346719E-03,+176.8844202E-03
+110.5000E-06,+136.6834156E-03,+176.8844202E-03
+110.7500E-06,+136.6834156E-03,+172.6130635E-03
+111.0000E-06,+142.4623100E-03,+171.1055258E-03
+111.2500E-06,+144.7236165E-03,+184.6733649E-03
+111.5000E-06,+140.2010035E-03,+176.8844202E-03
+111.7500E-06,+140.9547724E-03,+172.6130635E-03
+112.0000E-06,+152.7638175E-03,+180.4020081E-03
+112.2500E-06,+144.7236165E-03,+176.8844202E-03
+112.5000E-06,+138.4422096E-03,+178.6432142E-03
+112.7500E-06,+144.7236165E-03,+176.8844202E-03
+113.0000E-06,+144.7236165E-03,+179.1457267E-03
+113.2500E-06,+152.5125612E-03,+177.1356765E-03
+113.5000E-06,+152.7638175E-03,+184.9246211E-03
+113.7500E-06,+152.7638175E-03,+189.1959779E-03
+114.0000E-06,+158.5427119E-03,+184.9246211E-03
+114.2500E-06,+152.7638175E-03,+177.1356765E-03
+114.5000E-06,+152.7638175E-03,+184.9246211E-03
+114.7500E-06,+152.7638175E-03,+180.6532644E-03
+115.0000E-06,+152.7638175E-03,+190.7035155E-03
+115.2500E-06,+152.7638175E-03,+184.9246211E-03
+115.5000E-06,+152.7638175E-03,+183.1658272E-03
+115.7500E-06,+152.7638175E-03,+188.6934653E-03
+116.0000E-06,+160.8040184E-03,+190.7035155E-03
+116.2500E-06,+153.0150737E-03,+185.1758774E-03
+116.5000E-06,+160.8040184E-03,+189.4472342E-03
+116.7500E-06,+157.0351742E-03,+192.9648221E-03
+117.0000E-06,+166.5829128E-03,+201.0050230E-03
+117.2500E-06,+153.0150737E-03,+200.7537667E-03
+117.5000E-06,+162.5628123E-03,+192.9648221E-03
+117.7500E-06,+165.0753751E-03,+196.7336662E-03
+118.0000E-06,+160.8040184E-03,+201.0050230E-03
+118.2500E-06,+168.5929630E-03,+192.7135658E-03
+118.5000E-06,+160.8040184E-03,+202.7638169E-03
+118.7500E-06,+168.8442193E-03,+201.0050230E-03
+119.0000E-06,+168.8442193E-03,+201.0050230E-03
+119.2500E-06,+168.5929630E-03,+201.2562793E-03
+119.5000E-06,+176.8844202E-03,+207.2864299E-03
+119.7500E-06,+176.8844202E-03,+209.0452239E-03
+120.0000E-06,+166.5829128E-03,+209.0452239E-03
+120.2500E-06,+161.0552747E-03,+201.0050230E-03
+120.5000E-06,+176.8844202E-03,+202.7638169E-03
+120.7500E-06,+172.6130635E-03,+209.0452239E-03
+121.0000E-06,+171.1055258E-03,+206.7839174E-03
+121.2500E-06,+176.8844202E-03,+201.2562793E-03
+121.5000E-06,+170.6030132E-03,+202.7638169E-03
+121.7500E-06,+168.8442193E-03,+205.2763797E-03
+122.0000E-06,+174.6231137E-03,+209.0452239E-03
+122.2500E-06,+176.8844202E-03,+209.0452239E-03
+122.5000E-06,+183.1658272E-03,+209.0452239E-03
+122.7500E-06,+176.8844202E-03,+209.0452239E-03
+123.0000E-06,+176.8844202E-03,+209.0452239E-03
+123.2500E-06,+184.6733649E-03,+209.0452239E-03
+123.5000E-06,+178.6432142E-03,+209.0452239E-03
+123.7500E-06,+176.8844202E-03,+217.0854248E-03
+124.0000E-06,+184.9246211E-03,+214.8241183E-03
+124.2500E-06,+176.8844202E-03,+216.8341685E-03
+124.5000E-06,+184.9246211E-03,+217.0854248E-03
+124.7500E-06,+184.9246211E-03,+217.0854248E-03
+125.0000E-06,+179.1457267E-03,+209.0452239E-03
+125.2500E-06,+192.7135658E-03,+217.0854248E-03
+125.5000E-06,+184.9246211E-03,+223.3668318E-03
+125.7500E-06,+184.9246211E-03,+217.0854248E-03
+126.0000E-06,+190.7035155E-03,+211.3065304E-03
+126.2500E-06,+177.3869328E-03,+217.3366811E-03
+126.5000E-06,+192.9648221E-03,+217.0854248E-03
+126.7500E-06,+192.9648221E-03,+221.3567815E-03
+127.0000E-06,+192.9648221E-03,+228.6432136E-03
+127.2500E-06,+192.7135658E-03,+225.1256257E-03
+127.5000E-06,+192.9648221E-03,+223.3668318E-03
+127.7500E-06,+192.9648221E-03,+225.1256257E-03
+128.0000E-06,+192.9648221E-03,+222.8643192E-03
+128.2500E-06,+192.9648221E-03,+225.1256257E-03
+128.5000E-06,+199.2462290E-03,+226.8844197E-03
+128.7500E-06,+197.2361788E-03,+228.8944699E-03
+129.0000E-06,+195.2261286E-03,+230.9045201E-03
+129.2500E-06,+200.7537667E-03,+232.9145704E-03
+129.5000E-06,+201.0050230E-03,+231.4070327E-03
+129.7500E-06,+196.7336662E-03,+229.3969825E-03
+130.0000E-06,+201.0050230E-03,+230.9045201E-03
+130.2500E-06,+201.0050230E-03,+240.9547713E-03
+130.5000E-06,+201.0050230E-03,+231.4070327E-03
+130.7500E-06,+201.0050230E-03,+229.3969825E-03
+131.0000E-06,+209.0452239E-03,+233.1658266E-03
+131.2500E-06,+201.0050230E-03,+233.1658266E-03
+131.5000E-06,+205.5276360E-03,+233.1658266E-03
+131.7500E-06,+205.2763797E-03,+236.9346708E-03
+132.0000E-06,+209.0452239E-03,+235.4271332E-03
+132.2500E-06,+209.0452239E-03,+241.2060276E-03
+132.5000E-06,+209.0452239E-03,+241.2060276E-03
+132.7500E-06,+209.0452239E-03,+241.2060276E-03
+133.0000E-06,+209.0452239E-03,+241.2060276E-03
+133.2500E-06,+217.0854248E-03,+233.6683392E-03
+133.5000E-06,+209.0452239E-03,+234.9246206E-03
+133.7500E-06,+209.0452239E-03,+241.2060276E-03
+134.0000E-06,+209.0452239E-03,+241.2060276E-03
+134.2500E-06,+209.2964802E-03,+233.4170829E-03
+134.5000E-06,+209.0452239E-03,+241.2060276E-03
+134.7500E-06,+209.0452239E-03,+241.2060276E-03
+135.0000E-06,+211.3065304E-03,+238.9447211E-03
+135.2500E-06,+217.0854248E-03,+240.9547713E-03
+135.5000E-06,+217.0854248E-03,+242.9648215E-03
+135.7500E-06,+217.0854248E-03,+245.4773843E-03
+136.0000E-06,+217.0854248E-03,+241.2060276E-03
+136.2500E-06,+217.0854248E-03,+241.4572838E-03
+136.5000E-06,+217.0854248E-03,+247.4874345E-03
+136.7500E-06,+217.0854248E-03,+245.4773843E-03
+137.0000E-06,+219.3467313E-03,+246.9849220E-03
+137.2500E-06,+225.1256257E-03,+241.2060276E-03
+137.5000E-06,+218.8442188E-03,+241.2060276E-03
+137.7500E-06,+229.3969825E-03,+244.9748717E-03
+138.0000E-06,+217.0854248E-03,+249.2462285E-03
+138.2500E-06,+225.1256257E-03,+257.0351731E-03
+138.5000E-06,+226.8844197E-03,+249.2462285E-03
+138.7500E-06,+225.1256257E-03,+249.2462285E-03
+139.0000E-06,+225.1256257E-03,+257.2864294E-03
+139.2500E-06,+225.1256257E-03,+249.2462285E-03
+139.5000E-06,+231.4070327E-03,+259.0452234E-03
+139.7500E-06,+225.1256257E-03,+261.5577861E-03
+140.0000E-06,+233.1658266E-03,+251.5075350E-03
+140.2500E-06,+233.1658266E-03,+249.4974848E-03
+140.5000E-06,+226.8844197E-03,+257.2864294E-03
+140.7500E-06,+233.1658266E-03,+261.5577861E-03
+141.0000E-06,+233.1658266E-03,+257.2864294E-03
+141.2500E-06,+233.1658266E-03,+257.0351731E-03
+141.5000E-06,+225.1256257E-03,+257.2864294E-03
+141.7500E-06,+237.4371834E-03,+257.2864294E-03
+142.0000E-06,+233.1658266E-03,+259.5477359E-03
+142.2500E-06,+233.4170829E-03,+265.3266303E-03
+142.5000E-06,+233.1658266E-03,+259.0452234E-03
+142.7500E-06,+236.9346708E-03,+265.3266303E-03
+143.0000E-06,+235.4271332E-03,+265.3266303E-03
+143.2500E-06,+233.1658266E-03,+265.3266303E-03
+143.5000E-06,+239.4472336E-03,+271.6080373E-03
+143.7500E-06,+236.9346708E-03,+269.0954745E-03
+144.0000E-06,+241.2060276E-03,+267.5879368E-03
+144.2500E-06,+241.2060276E-03,+265.0753740E-03
+144.5000E-06,+241.2060276E-03,+265.3266303E-03
+144.7500E-06,+241.2060276E-03,+269.5979871E-03
+145.0000E-06,+246.9849220E-03,+271.1055247E-03
+145.2500E-06,+241.4572838E-03,+265.3266303E-03
+145.5000E-06,+241.2060276E-03,+267.0854243E-03
+145.7500E-06,+244.9748717E-03,+269.0954745E-03
+146.0000E-06,+249.2462285E-03,+273.3668312E-03
+146.2500E-06,+248.9949722E-03,+257.7889420E-03
+146.5000E-06,+242.9648215E-03,+273.3668312E-03
+146.7500E-06,+249.7487410E-03,+265.3266303E-03
+147.0000E-06,+246.9849220E-03,+273.3668312E-03
+147.2500E-06,+249.2462285E-03,+281.4070322E-03
+147.5000E-06,+249.2462285E-03,+271.6080373E-03
+147.7500E-06,+244.9748717E-03,+269.5979871E-03
+148.0000E-06,+249.2462285E-03,+265.3266303E-03
+148.2500E-06,+257.0351731E-03,+272.8643187E-03
+148.5000E-06,+251.0050224E-03,+273.3668312E-03
+148.7500E-06,+249.2462285E-03,+277.1356754E-03
+149.0000E-06,+249.2462285E-03,+273.3668312E-03
+149.2500E-06,+257.2864294E-03,+281.4070322E-03
+149.5000E-06,+257.2864294E-03,+281.4070322E-03
+149.7500E-06,+253.5175852E-03,+273.3668312E-03
+150.0000E-06,+257.2864294E-03,+281.4070322E-03
+150.2500E-06,+257.2864294E-03,+281.4070322E-03
+150.5000E-06,+263.5678364E-03,+281.4070322E-03
+150.7500E-06,+265.3266303E-03,+277.6381880E-03
+151.0000E-06,+265.3266303E-03,+279.1457257E-03
+151.2500E-06,+257.5376857E-03,+273.8693438E-03
+151.5000E-06,+263.5678364E-03,+275.1256252E-03
+151.7500E-06,+261.0552736E-03,+281.4070322E-03
+152.0000E-06,+263.0653238E-03,+283.6683387E-03
+152.2500E-06,+257.2864294E-03,+289.4472331E-03
+152.5000E-06,+257.2864294E-03,+289.4472331E-03
+152.7500E-06,+265.3266303E-03,+288.9447205E-03
+153.0000E-06,+265.3266303E-03,+297.4874340E-03
+153.2500E-06,+265.3266303E-03,+289.4472331E-03
+153.5000E-06,+265.3266303E-03,+289.4472331E-03
+153.7500E-06,+265.3266303E-03,+297.4874340E-03
+154.0000E-06,+265.3266303E-03,+287.1859266E-03
+154.2500E-06,+265.5778866E-03,+297.4874340E-03
+154.5000E-06,+273.3668312E-03,+287.6884391E-03
+154.7500E-06,+269.0954745E-03,+289.4472331E-03
+155.0000E-06,+265.3266303E-03,+289.4472331E-03
+155.2500E-06,+273.3668312E-03,+297.2361777E-03
+155.5000E-06,+271.6080373E-03,+297.4874340E-03
+155.7500E-06,+269.5979871E-03,+305.5276349E-03
+156.0000E-06,+271.1055247E-03,+297.4874340E-03
+156.2500E-06,+265.5778866E-03,+297.4874340E-03
+156.5000E-06,+273.3668312E-03,+297.4874340E-03
+156.7500E-06,+269.5979871E-03,+297.4874340E-03
+157.0000E-06,+273.3668312E-03,+297.4874340E-03
+157.2500E-06,+265.5778866E-03,+289.4472331E-03
+157.5000E-06,+273.3668312E-03,+297.4874340E-03
+157.7500E-06,+277.6381880E-03,+289.4472331E-03
+158.0000E-06,+273.3668312E-03,+297.4874340E-03
+158.2500E-06,+281.4070322E-03,+297.4874340E-03
+158.5000E-06,+285.9296452E-03,+297.4874340E-03
+158.7500E-06,+281.4070322E-03,+301.2562782E-03
+159.0000E-06,+281.4070322E-03,+297.4874340E-03
+159.2500E-06,+288.9447205E-03,+305.5276349E-03
+159.5000E-06,+281.4070322E-03,+305.5276349E-03
+159.7500E-06,+281.4070322E-03,+305.5276349E-03
+160.0000E-06,+281.4070322E-03,+299.7487405E-03
+160.2500E-06,+289.1959768E-03,+297.4874340E-03
+160.5000E-06,+287.6884391E-03,+297.4874340E-03
+160.7500E-06,+281.4070322E-03,+301.7587907E-03
+161.0000E-06,+279.1457257E-03,+299.7487405E-03
+161.2500E-06,+289.1959768E-03,+305.5276349E-03
+161.5000E-06,+283.1658261E-03,+301.0050219E-03
+161.7500E-06,+281.4070322E-03,+301.7587907E-03
+162.0000E-06,+283.6683387E-03,+299.7487405E-03
+162.2500E-06,+289.4472331E-03,+305.2763786E-03
+162.5000E-06,+295.7286400E-03,+307.2864289E-03
+162.7500E-06,+289.4472331E-03,+305.5276349E-03
+163.0000E-06,+289.4472331E-03,+299.7487405E-03
+163.2500E-06,+289.6984894E-03,+305.2763786E-03
+163.5000E-06,+291.2060270E-03,+307.2864289E-03
+163.7500E-06,+289.4472331E-03,+313.5678358E-03
+164.0000E-06,+291.7085396E-03,+307.7889414E-03
+164.2500E-06,+289.4472331E-03,+321.3567805E-03
+164.5000E-06,+297.4874340E-03,+319.8492428E-03
+164.7500E-06,+289.4472331E-03,+313.5678358E-03
+165.0000E-06,+291.7085396E-03,+319.3467303E-03
+165.2500E-06,+297.7386903E-03,+321.3567805E-03
+165.5000E-06,+297.4874340E-03,+313.5678358E-03
+165.7500E-06,+297.4874340E-03,+317.3366800E-03
+166.0000E-06,+301.0050219E-03,+321.6080368E-03
+166.2500E-06,+297.4874340E-03,+321.6080368E-03
+166.5000E-06,+297.4874340E-03,+321.6080368E-03
+166.7500E-06,+305.5276349E-03,+321.6080368E-03
+167.0000E-06,+299.7487405E-03,+327.3869312E-03
+167.2500E-06,+305.2763786E-03,+314.0703484E-03
+167.5000E-06,+305.5276349E-03,+329.6482377E-03
+167.7500E-06,+301.7587907E-03,+317.8391926E-03
+168.0000E-06,+311.3065293E-03,+318.0904489E-03
+168.2500E-06,+297.7386903E-03,+321.6080368E-03
+168.5000E-06,+305.5276349E-03,+327.8894437E-03
+168.7500E-06,+301.7587907E-03,+321.1055242E-03
+169.0000E-06,+309.0452228E-03,+321.6080368E-03
+169.2500E-06,+305.7788912E-03,+329.6482377E-03
+169.5000E-06,+307.2864289E-03,+321.6080368E-03
+169.7500E-06,+305.5276349E-03,+321.6080368E-03
+170.0000E-06,+311.3065293E-03,+327.3869312E-03
+170.2500E-06,+305.5276349E-03,+329.8994940E-03
+170.5000E-06,+313.5678358E-03,+329.6482377E-03
+170.7500E-06,+313.5678358E-03,+325.8793935E-03
+171.0000E-06,+313.5678358E-03,+327.3869312E-03
+171.2500E-06,+313.5678358E-03,+329.3969814E-03
+171.5000E-06,+311.8090419E-03,+329.6482377E-03
+171.7500E-06,+309.7989917E-03,+325.8793935E-03
+172.0000E-06,+315.8291423E-03,+329.6482377E-03
+172.2500E-06,+313.5678358E-03,+321.6080368E-03
+172.5000E-06,+315.3266298E-03,+329.6482377E-03
+172.7500E-06,+313.5678358E-03,+333.9195944E-03
+173.0000E-06,+313.5678358E-03,+327.3869312E-03
+173.2500E-06,+313.8190921E-03,+337.6884386E-03
+173.5000E-06,+319.8492428E-03,+329.6482377E-03
+173.7500E-06,+321.6080368E-03,+337.6884386E-03
+174.0000E-06,+321.6080368E-03,+337.6884386E-03
+174.2500E-06,+321.6080368E-03,+329.8994940E-03
+174.5000E-06,+319.8492428E-03,+329.6482377E-03
+174.7500E-06,+321.6080368E-03,+329.6482377E-03
+175.0000E-06,+321.6080368E-03,+331.9095442E-03
+175.2500E-06,+321.6080368E-03,+345.2261270E-03
+175.5000E-06,+315.3266298E-03,+337.6884386E-03
+175.7500E-06,+321.6080368E-03,+337.6884386E-03
+176.0000E-06,+321.6080368E-03,+337.6884386E-03
+176.2500E-06,+329.3969814E-03,+345.7286395E-03
+176.5000E-06,+321.6080368E-03,+337.6884386E-03
+176.7500E-06,+325.3768809E-03,+341.9597953E-03
+177.0000E-06,+323.8693433E-03,+343.4673330E-03
+177.2500E-06,+321.6080368E-03,+345.4773832E-03
+177.5000E-06,+329.6482377E-03,+337.6884386E-03
+177.7500E-06,+321.6080368E-03,+349.9999962E-03
+178.0000E-06,+323.8693433E-03,+339.9497451E-03
+178.2500E-06,+329.6482377E-03,+345.4773832E-03
+178.5000E-06,+329.6482377E-03,+343.9698456E-03
+178.7500E-06,+329.6482377E-03,+341.4572828E-03
+179.0000E-06,+331.9095442E-03,+345.7286395E-03
+179.2500E-06,+329.6482377E-03,+353.5175842E-03
+179.5000E-06,+335.9296446E-03,+358.2914534E-03
+179.7500E-06,+329.6482377E-03,+353.7688404E-03
+180.0000E-06,+331.9095442E-03,+351.5075339E-03
+180.2500E-06,+329.6482377E-03,+353.5175842E-03
+180.5000E-06,+335.9296446E-03,+347.4874335E-03
+180.7500E-06,+333.4170819E-03,+353.7688404E-03
+181.0000E-06,+331.9095442E-03,+347.9899460E-03
+181.2500E-06,+329.6482377E-03,+345.7286395E-03
+181.5000E-06,+335.9296446E-03,+347.4874335E-03
+181.7500E-06,+333.4170819E-03,+345.7286395E-03
+182.0000E-06,+335.4271321E-03,+345.7286395E-03
+182.2500E-06,+330.1507502E-03,+353.5175842E-03
+182.5000E-06,+337.6884386E-03,+361.8090414E-03
+182.7500E-06,+337.6884386E-03,+353.7688404E-03
+183.0000E-06,+337.6884386E-03,+353.7688404E-03
+183.2500E-06,+345.4773832E-03,+353.5175842E-03
+183.5000E-06,+337.6884386E-03,+353.7688404E-03
+183.7500E-06,+337.6884386E-03,+354.2713530E-03
+184.0000E-06,+339.9497451E-03,+353.7688404E-03
+184.2500E-06,+345.7286395E-03,+353.5175842E-03
+184.5000E-06,+345.7286395E-03,+353.7688404E-03
+184.7500E-06,+341.4572828E-03,+353.7688404E-03
+185.0000E-06,+343.4673330E-03,+353.7688404E-03
+185.2500E-06,+337.9396949E-03,+354.0200967E-03
+185.5000E-06,+345.7286395E-03,+353.7688404E-03
+185.7500E-06,+345.7286395E-03,+361.8090414E-03
+186.0000E-06,+345.7286395E-03,+359.5477348E-03
+186.2500E-06,+345.7286395E-03,+361.8090414E-03
+186.5000E-06,+345.7286395E-03,+353.7688404E-03
+186.7500E-06,+349.4974837E-03,+358.0401972E-03
+187.0000E-06,+343.4673330E-03,+353.7688404E-03
+187.2500E-06,+353.5175842E-03,+361.8090414E-03
+187.5000E-06,+347.4874335E-03,+368.0904483E-03
+187.7500E-06,+349.4974837E-03,+361.8090414E-03
+188.0000E-06,+345.7286395E-03,+353.7688404E-03
+188.2500E-06,+353.5175842E-03,+361.8090414E-03
+188.5000E-06,+353.7688404E-03,+363.5678353E-03
+188.7500E-06,+353.7688404E-03,+357.5376846E-03
+189.0000E-06,+353.7688404E-03,+359.5477348E-03
+189.2500E-06,+353.7688404E-03,+369.5979860E-03
+189.5000E-06,+353.7688404E-03,+376.1306492E-03
+189.7500E-06,+353.7688404E-03,+365.5778855E-03
+190.0000E-06,+353.7688404E-03,+369.8492423E-03
+190.2500E-06,+361.5577851E-03,+369.8492423E-03
+190.5000E-06,+360.0502474E-03,+368.0904483E-03
+190.7500E-06,+361.8090414E-03,+369.3467297E-03
+191.0000E-06,+356.0301469E-03,+366.3316544E-03
+191.2500E-06,+353.7688404E-03,+370.1004985E-03
+191.5000E-06,+353.7688404E-03,+371.6080362E-03
+191.7500E-06,+357.5376846E-03,+373.6180865E-03
+192.0000E-06,+356.0301469E-03,+369.8492423E-03
+192.2500E-06,+361.5577851E-03,+377.6381869E-03
+192.5000E-06,+361.8090414E-03,+377.8894432E-03
+192.7500E-06,+361.8090414E-03,+373.6180865E-03
+193.0000E-06,+361.8090414E-03,+367.5879358E-03
+193.2500E-06,+361.8090414E-03,+369.8492423E-03
+193.5000E-06,+361.8090414E-03,+377.8894432E-03
+193.7500E-06,+357.5376846E-03,+369.8492423E-03
+194.0000E-06,+361.8090414E-03,+372.1105488E-03
+194.2500E-06,+369.5979860E-03,+369.8492423E-03
+194.5000E-06,+369.8492423E-03,+377.8894432E-03
+194.7500E-06,+369.8492423E-03,+374.1205990E-03
+195.0000E-06,+361.8090414E-03,+369.8492423E-03
+195.2500E-06,+369.5979860E-03,+370.1004985E-03
+195.5000E-06,+361.8090414E-03,+371.6080362E-03
+195.7500E-06,+369.8492423E-03,+373.6180865E-03
+196.0000E-06,+364.0703479E-03,+377.8894432E-03
+196.2500E-06,+369.8492423E-03,+378.1406995E-03
+196.5000E-06,+363.5678353E-03,+376.1306492E-03
+196.7500E-06,+366.0803981E-03,+374.1205990E-03
+197.0000E-06,+369.8492423E-03,+377.8894432E-03
+197.2500E-06,+369.8492423E-03,+377.8894432E-03
+197.5000E-06,+369.8492423E-03,+379.6482371E-03
+197.7500E-06,+369.8492423E-03,+374.1205990E-03
+198.0000E-06,+369.8492423E-03,+377.8894432E-03
+198.2500E-06,+362.3115539E-03,+377.8894432E-03
+198.5000E-06,+376.1306492E-03,+376.1306492E-03
+198.7500E-06,+369.8492423E-03,+377.8894432E-03
+199.0000E-06,+377.8894432E-03,+375.6281367E-03
+199.2500E-06,+377.8894432E-03,+385.9296441E-03
+199.5000E-06,+377.8894432E-03,+385.9296441E-03
+199.7500E-06,+373.6180865E-03,+382.1607999E-03
+200.0000E-06,+377.8894432E-03,+385.9296441E-03
+200.2500E-06,+377.6381869E-03,+378.1406995E-03
+200.5000E-06,+384.1708502E-03,+385.9296441E-03
+200.7500E-06,+377.8894432E-03,+385.9296441E-03
+201.0000E-06,+383.6683376E-03,+385.9296441E-03
+201.2500E-06,+385.6783878E-03,+386.1809004E-03
+201.5000E-06,+377.8894432E-03,+379.6482371E-03
+201.7500E-06,+374.1205990E-03,+377.8894432E-03
+202.0000E-06,+377.8894432E-03,+383.6683376E-03
+202.2500E-06,+386.1809004E-03,+386.1809004E-03
+202.5000E-06,+385.9296441E-03,+400.2512520E-03
+202.7500E-06,+381.6582874E-03,+390.2010008E-03
+203.0000E-06,+383.6683376E-03,+388.1909506E-03
+203.2500E-06,+377.8894432E-03,+394.2211013E-03
+203.5000E-06,+385.9296441E-03,+385.9296441E-03
+203.7500E-06,+382.1607999E-03,+393.9698450E-03
+204.0000E-06,+383.6683376E-03,+393.9698450E-03
+204.2500E-06,+385.9296441E-03,+393.9698450E-03
+204.5000E-06,+392.2110511E-03,+392.2110511E-03
+204.7500E-06,+385.9296441E-03,+389.6984883E-03
+205.0000E-06,+385.9296441E-03,+385.9296441E-03
+205.2500E-06,+385.6783878E-03,+386.4321567E-03
+205.5000E-06,+392.2110511E-03,+389.4472320E-03
+205.7500E-06,+389.6984883E-03,+393.9698450E-03
+206.0000E-06,+393.9698450E-03,+399.7487394E-03
+206.2500E-06,+385.9296441E-03,+393.9698450E-03
+206.5000E-06,+385.9296441E-03,+393.9698450E-03
+206.7500E-06,+385.9296441E-03,+393.9698450E-03
+207.0000E-06,+391.7085385E-03,+388.1909506E-03
+207.2500E-06,+393.7185888E-03,+386.1809004E-03
+207.5000E-06,+393.9698450E-03,+393.9698450E-03
+207.7500E-06,+393.9698450E-03,+389.6984883E-03
+208.0000E-06,+388.1909506E-03,+393.9698450E-03
+208.2500E-06,+386.1809004E-03,+393.9698450E-03
+208.5000E-06,+387.6884381E-03,+393.9698450E-03
+208.7500E-06,+393.9698450E-03,+398.2412018E-03
+209.0000E-06,+393.9698450E-03,+396.2311515E-03
+209.2500E-06,+393.9698450E-03,+402.0100459E-03
+209.5000E-06,+393.9698450E-03,+393.9698450E-03
+209.7500E-06,+389.6984883E-03,+393.9698450E-03
+210.0000E-06,+393.9698450E-03,+399.7487394E-03
+210.2500E-06,+393.9698450E-03,+393.9698450E-03
+210.5000E-06,+387.6884381E-03,+402.0100459E-03
+210.7500E-06,+397.7386892E-03,+402.0100459E-03
+211.0000E-06,+407.7889404E-03,+399.7487394E-03
+211.2500E-06,+394.2211013E-03,+402.0100459E-03
+211.5000E-06,+402.0100459E-03,+408.2914529E-03
+211.7500E-06,+397.7386892E-03,+402.0100459E-03
+212.0000E-06,+399.7487394E-03,+399.7487394E-03
+212.2500E-06,+402.2613022E-03,+410.0502469E-03
+212.5000E-06,+408.2914529E-03,+408.2914529E-03
+212.7500E-06,+405.7788901E-03,+406.2814027E-03
+213.0000E-06,+396.2311515E-03,+407.7889404E-03
+213.2500E-06,+402.0100459E-03,+402.0100459E-03
+213.5000E-06,+395.7286390E-03,+402.0100459E-03
+213.7500E-06,+402.0100459E-03,+406.2814027E-03
+214.0000E-06,+410.0502469E-03,+404.2713525E-03
+214.2500E-06,+409.7989906E-03,+410.0502469E-03
+214.5000E-06,+410.0502469E-03,+416.3316538E-03
+214.7500E-06,+398.2412018E-03,+410.0502469E-03
+215.0000E-06,+402.0100459E-03,+410.0502469E-03
+215.2500E-06,+409.7989906E-03,+410.0502469E-03
+215.5000E-06,+402.0100459E-03,+410.0502469E-03
+215.7500E-06,+402.0100459E-03,+413.8190910E-03
+216.0000E-06,+410.0502469E-03,+410.0502469E-03
+216.2500E-06,+409.7989906E-03,+410.0502469E-03
+216.5000E-06,+402.0100459E-03,+410.0502469E-03
+216.7500E-06,+405.7788901E-03,+410.0502469E-03
+217.0000E-06,+404.2713525E-03,+410.0502469E-03
+217.2500E-06,+409.7989906E-03,+410.0502469E-03
+217.5000E-06,+410.0502469E-03,+416.3316538E-03
+217.7500E-06,+410.0502469E-03,+410.0502469E-03
+218.0000E-06,+407.7889404E-03,+410.0502469E-03
+218.2500E-06,+402.2613022E-03,+410.0502469E-03
+218.5000E-06,+410.0502469E-03,+410.0502469E-03
+218.7500E-06,+414.3216036E-03,+414.3216036E-03
+219.0000E-06,+407.7889404E-03,+410.0502469E-03
+219.2500E-06,+417.8391915E-03,+417.8391915E-03
+219.5000E-06,+410.0502469E-03,+411.8090408E-03
+219.7500E-06,+410.0502469E-03,+410.0502469E-03
+220.0000E-06,+410.0502469E-03,+404.2713525E-03
+220.2500E-06,+410.0502469E-03,+402.2613022E-03
+220.5000E-06,+418.0904478E-03,+410.0502469E-03
+220.7500E-06,+418.0904478E-03,+410.0502469E-03
+221.0000E-06,+415.8291413E-03,+415.8291413E-03
+221.2500E-06,+418.0904478E-03,+417.8391915E-03
+221.5000E-06,+416.3316538E-03,+416.3316538E-03
+221.7500E-06,+418.0904478E-03,+410.0502469E-03
+222.0000E-06,+415.8291413E-03,+415.8291413E-03
+222.2500E-06,+418.0904478E-03,+410.3015031E-03
+222.5000E-06,+418.0904478E-03,+414.5728599E-03
+222.7500E-06,+421.8592920E-03,+413.8190910E-03
+223.0000E-06,+410.0502469E-03,+418.0904478E-03
+223.2500E-06,+418.0904478E-03,+417.8391915E-03
+223.5000E-06,+418.0904478E-03,+418.0904478E-03
+223.7500E-06,+418.0904478E-03,+414.3216036E-03
+224.0000E-06,+418.0904478E-03,+415.8291413E-03
+224.2500E-06,+425.8793924E-03,+418.3417041E-03
+224.5000E-06,+419.8492417E-03,+424.3718547E-03
+224.7500E-06,+418.0904478E-03,+413.8190910E-03
+225.0000E-06,+426.1306487E-03,+418.0904478E-03
+225.2500E-06,+425.8793924E-03,+418.0904478E-03
+225.5000E-06,+424.3718547E-03,+418.0904478E-03
+225.7500E-06,+426.1306487E-03,+422.3618045E-03
+226.0000E-06,+426.1306487E-03,+423.8693422E-03
+226.2500E-06,+418.3417041E-03,+425.8793924E-03
+226.5000E-06,+426.1306487E-03,+424.3718547E-03
+226.7500E-06,+426.1306487E-03,+413.8190910E-03
+227.0000E-06,+428.3919552E-03,+426.1306487E-03
+227.2500E-06,+418.3417041E-03,+426.1306487E-03
+227.5000E-06,+427.8894427E-03,+426.1306487E-03
+227.7500E-06,+434.1708496E-03,+421.8592920E-03
+228.0000E-06,+426.1306487E-03,+426.1306487E-03
+228.2500E-06,+426.3819050E-03,+426.1306487E-03
+228.5000E-06,+426.1306487E-03,+410.0502469E-03
+228.7500E-06,+429.8994929E-03,+426.1306487E-03
+229.0000E-06,+428.3919552E-03,+426.1306487E-03
+229.2500E-06,+426.1306487E-03,+418.3417041E-03
+229.5000E-06,+427.8894427E-03,+426.1306487E-03
+229.7500E-06,+429.8994929E-03,+426.1306487E-03
+230.0000E-06,+426.1306487E-03,+420.3517543E-03
+230.2500E-06,+426.1306487E-03,+426.1306487E-03
+230.5000E-06,+432.4120557E-03,+426.1306487E-03
+230.7500E-06,+434.1708496E-03,+426.1306487E-03
+231.0000E-06,+428.3919552E-03,+426.1306487E-03
+231.2500E-06,+434.1708496E-03,+433.9195933E-03
+231.5000E-06,+426.1306487E-03,+426.1306487E-03
+231.7500E-06,+426.1306487E-03,+418.0904478E-03
+232.0000E-06,+434.1708496E-03,+423.8693422E-03
+232.2500E-06,+441.7085380E-03,+426.1306487E-03
+232.5000E-06,+434.1708496E-03,+434.1708496E-03
+232.7500E-06,+434.1708496E-03,+426.1306487E-03
+233.0000E-06,+428.3919552E-03,+428.3919552E-03
+233.2500E-06,+434.1708496E-03,+426.1306487E-03
+233.5000E-06,+432.4120557E-03,+426.1306487E-03
+233.7500E-06,+430.4020054E-03,+422.3618045E-03
+234.0000E-06,+442.2110505E-03,+426.1306487E-03
+234.2500E-06,+441.9597943E-03,+426.3819050E-03
+234.5000E-06,+434.1708496E-03,+432.4120557E-03
+234.7500E-06,+434.1708496E-03,+426.1306487E-03
+235.0000E-06,+434.1708496E-03,+428.3919552E-03
+235.2500E-06,+441.9597943E-03,+426.3819050E-03
+235.5000E-06,+443.9698445E-03,+432.4120557E-03
+235.7500E-06,+442.2110505E-03,+434.1708496E-03
+236.0000E-06,+434.1708496E-03,+434.1708496E-03
+236.2500E-06,+442.2110505E-03,+434.1708496E-03
+236.5000E-06,+434.1708496E-03,+434.1708496E-03
+236.7500E-06,+438.4422064E-03,+438.4422064E-03
+237.0000E-06,+434.1708496E-03,+431.9095431E-03
+237.2500E-06,+434.4221059E-03,+441.9597943E-03
+237.5000E-06,+446.7336635E-03,+438.6934626E-03
+237.7500E-06,+438.4422064E-03,+434.1708496E-03
+238.0000E-06,+447.9899450E-03,+434.1708496E-03
+238.2500E-06,+449.9999952E-03,+433.9195933E-03
+238.5000E-06,+442.2110505E-03,+427.8894427E-03
+238.7500E-06,+442.2110505E-03,+442.2110505E-03
+239.0000E-06,+446.7336635E-03,+434.1708496E-03
+239.2500E-06,+442.4623068E-03,+434.1708496E-03
+239.5000E-06,+450.2512515E-03,+440.4522566E-03
+239.7500E-06,+446.4824073E-03,+434.1708496E-03
+240.0000E-06,+442.2110505E-03,+434.1708496E-03
+240.2500E-06,+442.2110505E-03,+441.9597943E-03
+240.5000E-06,+448.4924575E-03,+427.8894427E-03
+240.7500E-06,+454.5226082E-03,+437.9396938E-03
+241.0000E-06,+447.9899450E-03,+434.1708496E-03
+241.2500E-06,+442.2110505E-03,+434.1708496E-03
+241.5000E-06,+443.9698445E-03,+427.8894427E-03
+241.7500E-06,+442.2110505E-03,+438.4422064E-03
+242.0000E-06,+450.2512515E-03,+434.1708496E-03
+242.2500E-06,+449.9999952E-03,+426.3819050E-03
+242.5000E-06,+450.2512515E-03,+438.6934626E-03
+242.7500E-06,+450.2512515E-03,+429.8994929E-03
+243.0000E-06,+450.2512515E-03,+434.1708496E-03
+243.2500E-06,+442.2110505E-03,+434.1708496E-03
+243.5000E-06,+442.2110505E-03,+434.1708496E-03
+243.7500E-06,+454.5226082E-03,+426.1306487E-03
+244.0000E-06,+450.2512515E-03,+434.1708496E-03
+244.2500E-06,+450.2512515E-03,+433.9195933E-03
+244.5000E-06,+452.0100454E-03,+435.9296436E-03
+244.7500E-06,+454.5226082E-03,+434.1708496E-03
+245.0000E-06,+452.5125580E-03,+436.4321561E-03
+245.2500E-06,+450.2512515E-03,+434.1708496E-03
+245.5000E-06,+450.2512515E-03,+440.4522566E-03
+245.7500E-06,+458.2914524E-03,+438.4422064E-03
+246.0000E-06,+450.2512515E-03,+436.4321561E-03
+246.2500E-06,+450.5025077E-03,+433.9195933E-03
+246.5000E-06,+443.9698445E-03,+434.1708496E-03
+246.7500E-06,+450.2512515E-03,+438.4422064E-03
+247.0000E-06,+450.2512515E-03,+439.9497440E-03
+247.2500E-06,+458.2914524E-03,+434.4221059E-03
+247.5000E-06,+452.0100454E-03,+442.2110505E-03
+247.7500E-06,+454.5226082E-03,+442.2110505E-03
+248.0000E-06,+450.2512515E-03,+450.2512515E-03
+248.2500E-06,+458.2914524E-03,+442.2110505E-03
+248.5000E-06,+452.0100454E-03,+442.2110505E-03
+248.7500E-06,+450.2512515E-03,+442.2110505E-03
+249.0000E-06,+458.2914524E-03,+439.9497440E-03
+249.2500E-06,+458.2914524E-03,+442.4623068E-03
+249.5000E-06,+458.2914524E-03,+448.4924575E-03
+249.7500E-06,+454.0200956E-03,+445.9798947E-03
+250.0000E-06,+452.5125580E-03,+450.2512515E-03
+250.2500E-06,+458.2914524E-03,+449.7487389E-03
+250.5000E-06,+458.2914524E-03,+448.4924575E-03
+250.7500E-06,+462.0602966E-03,+450.2512515E-03
+251.0000E-06,+454.7738645E-03,+442.2110505E-03
+251.2500E-06,+466.3316533E-03,+442.2110505E-03
+251.5000E-06,+460.0502463E-03,+435.9296436E-03
+251.7500E-06,+458.2914524E-03,+445.9798947E-03
+252.0000E-06,+458.2914524E-03,+442.2110505E-03
+252.2500E-06,+458.2914524E-03,+449.9999952E-03
+252.5000E-06,+464.5728593E-03,+448.4924575E-03
+252.7500E-06,+458.2914524E-03,+446.4824073E-03
+253.0000E-06,+458.2914524E-03,+442.2110505E-03
+253.2500E-06,+466.3316533E-03,+442.2110505E-03
+253.5000E-06,+460.0502463E-03,+443.9698445E-03
+253.7500E-06,+466.3316533E-03,+442.2110505E-03
+254.0000E-06,+466.3316533E-03,+442.2110505E-03
+254.2500E-06,+466.3316533E-03,+441.9597943E-03
+254.5000E-06,+460.0502463E-03,+443.9698445E-03
+254.7500E-06,+462.5628091E-03,+437.9396938E-03
+255.0000E-06,+460.5527589E-03,+442.2110505E-03
+255.2500E-06,+466.3316533E-03,+449.9999952E-03
+255.5000E-06,+458.2914524E-03,+450.2512515E-03
+255.7500E-06,+462.5628091E-03,+446.4824073E-03
+256.0000E-06,+466.3316533E-03,+444.4723570E-03
+256.2500E-06,+466.3316533E-03,+442.4623068E-03
+256.5000E-06,+458.2914524E-03,+442.2110505E-03
+256.7500E-06,+466.3316533E-03,+442.2110505E-03
+257.0000E-06,+458.2914524E-03,+447.9899450E-03
+257.2500E-06,+466.3316533E-03,+450.2512515E-03
+257.5000E-06,+468.0904473E-03,+450.2512515E-03
+257.7500E-06,+466.3316533E-03,+442.2110505E-03
+258.0000E-06,+468.5929598E-03,+447.9899450E-03
+258.2500E-06,+466.3316533E-03,+442.2110505E-03
+258.5000E-06,+460.0502463E-03,+443.9698445E-03
+258.7500E-06,+466.3316533E-03,+450.2512515E-03
+259.0000E-06,+468.5929598E-03,+450.2512515E-03
+259.2500E-06,+466.5829096E-03,+450.2512515E-03
+259.5000E-06,+474.3718542E-03,+448.4924575E-03
+259.7500E-06,+474.3718542E-03,+442.2110505E-03
+260.0000E-06,+466.3316533E-03,+450.2512515E-03
+260.2500E-06,+466.3316533E-03,+442.4623068E-03
+260.5000E-06,+466.3316533E-03,+450.2512515E-03
+260.7500E-06,+474.3718542E-03,+445.9798947E-03
+261.0000E-06,+468.5929598E-03,+450.2512515E-03
+261.2500E-06,+474.3718542E-03,+450.2512515E-03
+261.5000E-06,+466.3316533E-03,+443.9698445E-03
+261.7500E-06,+470.1004975E-03,+450.2512515E-03
+262.0000E-06,+474.3718542E-03,+452.5125580E-03
+262.2500E-06,+474.3718542E-03,+450.2512515E-03
+262.5000E-06,+480.6532612E-03,+450.2512515E-03
+262.7500E-06,+474.3718542E-03,+450.2512515E-03
+263.0000E-06,+472.1105477E-03,+456.0301459E-03
+263.2500E-06,+474.3718542E-03,+458.0401961E-03
+263.5000E-06,+474.3718542E-03,+450.2512515E-03
+263.7500E-06,+470.6030100E-03,+450.2512515E-03
+264.0000E-06,+474.3718542E-03,+450.2512515E-03
+264.2500E-06,+474.3718542E-03,+442.7135631E-03
+264.5000E-06,+474.3718542E-03,+452.0100454E-03
+264.7500E-06,+466.3316533E-03,+450.2512515E-03
+265.0000E-06,+474.3718542E-03,+447.9899450E-03
+265.2500E-06,+482.1607989E-03,+449.9999952E-03
+265.5000E-06,+474.3718542E-03,+443.9698445E-03
+265.7500E-06,+478.6432110E-03,+450.2512515E-03
+266.0000E-06,+476.6331607E-03,+456.0301459E-03
+266.2500E-06,+474.3718542E-03,+450.2512515E-03
+266.5000E-06,+472.6130603E-03,+450.2512515E-03
+266.7500E-06,+478.6432110E-03,+445.9798947E-03
+267.0000E-06,+474.3718542E-03,+444.4723570E-03
+267.2500E-06,+474.6231105E-03,+450.2512515E-03
+267.5000E-06,+476.1306482E-03,+450.2512515E-03
+267.7500E-06,+474.3718542E-03,+450.2512515E-03
+268.0000E-06,+474.3718542E-03,+450.2512515E-03
+268.2500E-06,+474.3718542E-03,+450.2512515E-03
+268.5000E-06,+476.1306482E-03,+450.2512515E-03
+268.7500E-06,+482.4120551E-03,+454.5226082E-03
+269.0000E-06,+474.3718542E-03,+444.4723570E-03
+269.2500E-06,+474.3718542E-03,+442.2110505E-03
+269.5000E-06,+476.1306482E-03,+443.9698445E-03
+269.7500E-06,+470.1004975E-03,+446.4824073E-03
+270.0000E-06,+474.3718542E-03,+447.9899450E-03
+270.2500E-06,+474.3718542E-03,+442.7135631E-03
+270.5000E-06,+476.1306482E-03,+450.2512515E-03
+270.7500E-06,+474.3718542E-03,+450.7537640E-03
+271.0000E-06,+482.4120551E-03,+458.2914524E-03
+271.2500E-06,+482.4120551E-03,+450.5025077E-03
+271.5000E-06,+480.6532612E-03,+456.5326584E-03
+271.7500E-06,+474.3718542E-03,+458.7939649E-03
+272.0000E-06,+482.4120551E-03,+458.2914524E-03
+272.2500E-06,+482.4120551E-03,+458.2914524E-03
+272.5000E-06,+480.6532612E-03,+458.2914524E-03
+272.7500E-06,+474.3718542E-03,+454.0200956E-03
+273.0000E-06,+480.1507486E-03,+458.2914524E-03
+273.2500E-06,+474.6231105E-03,+450.5025077E-03
+273.5000E-06,+480.6532612E-03,+458.2914524E-03
+273.7500E-06,+478.1406984E-03,+450.2512515E-03
+274.0000E-06,+476.6331607E-03,+452.5125580E-03
+274.2500E-06,+474.3718542E-03,+458.0401961E-03
+274.5000E-06,+488.6934621E-03,+458.2914524E-03
+274.7500E-06,+474.3718542E-03,+458.2914524E-03
+275.0000E-06,+474.3718542E-03,+458.2914524E-03
+275.2500E-06,+474.6231105E-03,+450.2512515E-03
+275.5000E-06,+482.4120551E-03,+456.5326584E-03
+275.7500E-06,+486.1808993E-03,+454.0200956E-03
+276.0000E-06,+482.4120551E-03,+450.2512515E-03
+276.2500E-06,+482.6633114E-03,+458.0401961E-03
+276.5000E-06,+482.4120551E-03,+442.2110505E-03
+276.7500E-06,+481.9095426E-03,+450.2512515E-03
+277.0000E-06,+482.4120551E-03,+452.5125580E-03
+277.2500E-06,+482.6633114E-03,+450.2512515E-03
+277.5000E-06,+482.4120551E-03,+450.2512515E-03
+277.7500E-06,+486.6834119E-03,+454.0200956E-03
+278.0000E-06,+488.1909495E-03,+450.2512515E-03
+278.2500E-06,+490.2009998E-03,+449.9999952E-03
+278.5000E-06,+482.4120551E-03,+450.2512515E-03
+278.7500E-06,+486.6834119E-03,+450.2512515E-03
+279.0000E-06,+482.4120551E-03,+447.9899450E-03
+279.2500E-06,+490.4522561E-03,+450.2512515E-03
+279.5000E-06,+488.6934621E-03,+450.2512515E-03
+279.7500E-06,+482.4120551E-03,+445.9798947E-03
+280.0000E-06,+488.1909495E-03,+450.2512515E-03
+280.2500E-06,+482.6633114E-03,+450.2512515E-03
+280.5000E-06,+482.4120551E-03,+452.0100454E-03
+280.7500E-06,+482.4120551E-03,+454.5226082E-03
+281.0000E-06,+490.4522561E-03,+458.2914524E-03
+281.2500E-06,+482.4120551E-03,+450.5025077E-03
+281.5000E-06,+482.4120551E-03,+450.2512515E-03
+281.7500E-06,+478.1406984E-03,+450.2512515E-03
+282.0000E-06,+490.4522561E-03,+456.0301459E-03
+282.2500E-06,+490.4522561E-03,+450.5025077E-03
+282.5000E-06,+484.1708491E-03,+450.2512515E-03
+282.7500E-06,+486.1808993E-03,+450.2512515E-03
+283.0000E-06,+490.4522561E-03,+452.5125580E-03
+283.2500E-06,+482.6633114E-03,+458.0401961E-03
+283.5000E-06,+490.4522561E-03,+450.2512515E-03
+283.7500E-06,+490.4522561E-03,+450.2512515E-03
+284.0000E-06,+484.6733616E-03,+452.5125580E-03
+284.2500E-06,+490.7035123E-03,+458.5427087E-03
+284.5000E-06,+484.1708491E-03,+464.5728593E-03
+284.7500E-06,+490.4522561E-03,+450.2512515E-03
+285.0000E-06,+484.6733616E-03,+464.0703468E-03
+285.2500E-06,+490.7035123E-03,+458.2914524E-03
+285.5000E-06,+490.4522561E-03,+452.0100454E-03
+285.7500E-06,+494.2211002E-03,+454.5226082E-03
+286.0000E-06,+488.1909495E-03,+452.5125580E-03
+286.2500E-06,+498.2412007E-03,+458.0401961E-03
+286.5000E-06,+482.4120551E-03,+458.2914524E-03
+286.7500E-06,+490.4522561E-03,+458.2914524E-03
+287.0000E-06,+490.4522561E-03,+461.8090403E-03
+287.2500E-06,+490.4522561E-03,+458.0401961E-03
+287.5000E-06,+488.6934621E-03,+450.2512515E-03
+287.7500E-06,+486.6834119E-03,+450.2512515E-03
+288.0000E-06,+490.4522561E-03,+456.0301459E-03
+288.2500E-06,+482.6633114E-03,+450.2512515E-03
+288.5000E-06,+490.4522561E-03,+452.0100454E-03
+288.7500E-06,+482.4120551E-03,+450.2512515E-03
+289.0000E-06,+488.1909495E-03,+458.2914524E-03
+289.2500E-06,+490.4522561E-03,+450.5025077E-03
+289.5000E-06,+492.2110500E-03,+456.5326584E-03
+289.7500E-06,+494.2211002E-03,+454.5226082E-03
+290.0000E-06,+488.1909495E-03,+447.9899450E-03
+290.2500E-06,+490.4522561E-03,+450.2512515E-03
+290.5000E-06,+490.4522561E-03,+443.9698445E-03
+290.7500E-06,+490.4522561E-03,+450.2512515E-03
+291.0000E-06,+490.4522561E-03,+447.9899450E-03
+291.2500E-06,+490.4522561E-03,+450.2512515E-03
+291.5000E-06,+492.2110500E-03,+448.4924575E-03
+291.7500E-06,+490.4522561E-03,+450.2512515E-03
+292.0000E-06,+482.4120551E-03,+458.2914524E-03
+292.2500E-06,+482.6633114E-03,+458.2914524E-03
+292.5000E-06,+484.1708491E-03,+450.2512515E-03
+292.7500E-06,+490.4522561E-03,+454.0200956E-03
+293.0000E-06,+490.4522561E-03,+444.4723570E-03
+293.2500E-06,+490.4522561E-03,+450.2512515E-03
+293.5000E-06,+496.7336630E-03,+450.2512515E-03
+293.7500E-06,+490.4522561E-03,+450.2512515E-03
+294.0000E-06,+490.4522561E-03,+456.0301459E-03
+294.2500E-06,+498.2412007E-03,+450.5025077E-03
+294.5000E-06,+498.4924570E-03,+450.2512515E-03
+294.7500E-06,+490.4522561E-03,+450.2512515E-03
+295.0000E-06,+498.4924570E-03,+456.0301459E-03
+295.2500E-06,+498.4924570E-03,+442.4623068E-03
+295.5000E-06,+496.7336630E-03,+456.5326584E-03
+295.7500E-06,+490.4522561E-03,+458.2914524E-03
+296.0000E-06,+490.4522561E-03,+456.0301459E-03
+296.2500E-06,+498.4924570E-03,+450.2512515E-03
+296.5000E-06,+490.4522561E-03,+456.5326584E-03
+296.7500E-06,+490.4522561E-03,+454.5226082E-03
+297.0000E-06,+492.7135626E-03,+450.2512515E-03
+297.2500E-06,+490.4522561E-03,+442.4623068E-03
+297.5000E-06,+492.2110500E-03,+450.2512515E-03
+297.7500E-06,+498.4924570E-03,+458.2914524E-03
+298.0000E-06,+490.4522561E-03,+452.5125580E-03
+298.2500E-06,+490.4522561E-03,+458.2914524E-03
+298.5000E-06,+498.4924570E-03,+452.0100454E-03
+298.7500E-06,+498.4924570E-03,+458.2914524E-03
+299.0000E-06,+492.7135626E-03,+450.2512515E-03
+299.2500E-06,+490.7035123E-03,+458.2914524E-03
+299.5000E-06,+496.7336630E-03,+452.0100454E-03
+299.7500E-06,+498.4924570E-03,+445.9798947E-03
+300.0000E-06,+484.6733616E-03,+450.2512515E-03
+300.2500E-06,+490.4522561E-03,+442.4623068E-03
+300.5000E-06,+490.4522561E-03,+443.9698445E-03
+300.7500E-06,+494.2211002E-03,+450.7537640E-03
+301.0000E-06,+498.4924570E-03,+452.5125580E-03
+301.2500E-06,+498.2412007E-03,+442.4623068E-03
+301.5000E-06,+490.4522561E-03,+456.5326584E-03
+301.7500E-06,+490.4522561E-03,+450.2512515E-03
+302.0000E-06,+496.2311505E-03,+442.2110505E-03
+302.2500E-06,+490.7035123E-03,+450.5025077E-03
+302.5000E-06,+492.2110500E-03,+448.4924575E-03
+302.7500E-06,+498.4924570E-03,+446.4824073E-03
+303.0000E-06,+492.7135626E-03,+444.4723570E-03
+303.2500E-06,+498.4924570E-03,+442.2110505E-03
+303.5000E-06,+492.2110500E-03,+450.2512515E-03
+303.7500E-06,+498.4924570E-03,+445.9798947E-03
+304.0000E-06,+498.4924570E-03,+444.4723570E-03
+304.2500E-06,+498.2412007E-03,+450.5025077E-03
+304.5000E-06,+498.4924570E-03,+448.4924575E-03
+304.7500E-06,+494.7236128E-03,+450.2512515E-03
+305.0000E-06,+490.4522561E-03,+450.2512515E-03
+305.2500E-06,+498.2412007E-03,+450.2512515E-03
+305.5000E-06,+504.7738639E-03,+450.2512515E-03
+305.7500E-06,+498.4924570E-03,+445.9798947E-03
+306.0000E-06,+490.4522561E-03,+444.4723570E-03
+306.2500E-06,+498.4924570E-03,+449.9999952E-03
+306.5000E-06,+492.2110500E-03,+443.9698445E-03
+306.7500E-06,+490.4522561E-03,+450.2512515E-03
+307.0000E-06,+496.2311505E-03,+450.2512515E-03
+307.2500E-06,+506.0301453E-03,+442.4623068E-03
+307.5000E-06,+498.4924570E-03,+450.2512515E-03
+307.7500E-06,+490.4522561E-03,+454.5226082E-03
+308.0000E-06,+498.4924570E-03,+444.4723570E-03
+308.2500E-06,+498.2412007E-03,+450.2512515E-03
+308.5000E-06,+490.4522561E-03,+448.4924575E-03
+308.7500E-06,+490.4522561E-03,+454.5226082E-03
+309.0000E-06,+490.4522561E-03,+450.2512515E-03
+309.2500E-06,+498.4924570E-03,+449.9999952E-03
+309.5000E-06,+498.4924570E-03,+456.5326584E-03
+309.7500E-06,+494.2211002E-03,+458.2914524E-03
+310.0000E-06,+498.4924570E-03,+450.2512515E-03
+310.2500E-06,+490.7035123E-03,+442.4623068E-03
+310.5000E-06,+500.2512509E-03,+450.2512515E-03
+310.7500E-06,+494.2211002E-03,+450.2512515E-03
+311.0000E-06,+498.4924570E-03,+442.2110505E-03
+311.2500E-06,+498.4924570E-03,+450.2512515E-03
+311.5000E-06,+496.7336630E-03,+456.5326584E-03
+311.7500E-06,+494.2211002E-03,+442.2110505E-03
+312.0000E-06,+490.4522561E-03,+447.9899449E-03
+312.2500E-06,+498.2412007E-03,+449.9999952E-03
+312.5000E-06,+498.4924570E-03,+450.2512515E-03
+312.7500E-06,+486.6834119E-03,+446.4824073E-03
+313.0000E-06,+490.4522561E-03,+444.4723571E-03
+313.2500E-06,+498.4924570E-03,+442.2110505E-03
+313.5000E-06,+498.4924570E-03,+442.2110505E-03
+313.7500E-06,+490.4522561E-03,+437.9396938E-03
+314.0000E-06,+498.4924570E-03,+447.9899449E-03
+314.2500E-06,+498.4924570E-03,+442.2110505E-03
+314.5000E-06,+490.4522561E-03,+442.2110505E-03
+314.7500E-06,+502.7638137E-03,+442.2110505E-03
+315.0000E-06,+498.4924570E-03,+442.2110505E-03
+315.2500E-06,+490.9547686E-03,+441.9597943E-03
+315.5000E-06,+496.7336630E-03,+442.2110505E-03
+315.7500E-06,+498.4924570E-03,+442.2110505E-03
+316.0000E-06,+498.4924570E-03,+442.2110505E-03
+316.2500E-06,+498.4924570E-03,+442.2110505E-03
+316.5000E-06,+490.4522561E-03,+443.9698445E-03
+316.7500E-06,+494.2211002E-03,+438.4422064E-03
+317.0000E-06,+490.4522561E-03,+438.6934626E-03
+317.2500E-06,+498.2412007E-03,+442.2110505E-03
+317.5000E-06,+498.4924570E-03,+435.9296436E-03
+317.7500E-06,+494.7236128E-03,+434.1708496E-03
+318.0000E-06,+502.0100449E-03,+442.2110505E-03
+318.2500E-06,+490.4522561E-03,+449.9999952E-03
+318.5000E-06,+498.4924570E-03,+442.2110505E-03
+318.7500E-06,+490.4522561E-03,+442.2110505E-03
+319.0000E-06,+496.2311505E-03,+442.2110505E-03
+319.2500E-06,+498.4924570E-03,+449.9999952E-03
+319.5000E-06,+496.7336630E-03,+442.2110505E-03
+319.7500E-06,+498.4924570E-03,+442.2110505E-03
+320.0000E-06,+492.7135626E-03,+442.2110505E-03
+320.2500E-06,+498.2412007E-03,+441.9597943E-03
+320.5000E-06,+498.4924570E-03,+442.2110505E-03
+320.7500E-06,+498.4924570E-03,+446.4824073E-03
+321.0000E-06,+496.2311505E-03,+442.2110505E-03
+321.2500E-06,+498.2412007E-03,+442.2110505E-03
+321.5000E-06,+498.4924570E-03,+442.2110505E-03
+321.7500E-06,+494.2211002E-03,+442.2110505E-03
+322.0000E-06,+496.2311505E-03,+442.2110505E-03
+322.2500E-06,+490.7035123E-03,+442.2110505E-03
+322.5000E-06,+496.7336630E-03,+442.2110505E-03
+322.7500E-06,+494.7236128E-03,+437.9396938E-03
+323.0000E-06,+490.4522561E-03,+442.2110505E-03
+323.2500E-06,+490.4522561E-03,+434.4221059E-03
+323.5000E-06,+496.7336630E-03,+434.1708496E-03
+323.7500E-06,+494.7236128E-03,+442.2110505E-03
+324.0000E-06,+500.7537635E-03,+428.3919552E-03
+324.2500E-06,+498.2412007E-03,+433.9195933E-03
+324.5000E-06,+498.4924570E-03,+434.1708496E-03
+324.7500E-06,+498.4924570E-03,+434.1708496E-03
+325.0000E-06,+498.4924570E-03,+434.1708496E-03
+325.2500E-06,+490.4522561E-03,+441.9597943E-03
+325.5000E-06,+500.2512509E-03,+434.1708496E-03
+325.7500E-06,+494.2211002E-03,+438.4422064E-03
+326.0000E-06,+492.7135626E-03,+434.1708496E-03
+326.2500E-06,+490.7035123E-03,+441.9597943E-03
+326.5000E-06,+490.4522561E-03,+434.1708496E-03
+326.7500E-06,+490.4522561E-03,+426.1306487E-03
+327.0000E-06,+498.4924570E-03,+426.1306487E-03
+327.2500E-06,+498.2412007E-03,+433.9195933E-03
+327.5000E-06,+490.4522561E-03,+434.1708496E-03
+327.7500E-06,+494.7236128E-03,+434.1708496E-03
+328.0000E-06,+498.4924570E-03,+434.1708496E-03
+328.2500E-06,+498.4924570E-03,+434.1708496E-03
+328.5000E-06,+496.7336630E-03,+426.1306487E-03
+328.7500E-06,+490.4522561E-03,+430.4020054E-03
+329.0000E-06,+490.4522561E-03,+431.9095431E-03
+329.2500E-06,+490.4522561E-03,+433.9195933E-03
+329.5000E-06,+496.7336630E-03,+440.4522566E-03
+329.7500E-06,+490.4522561E-03,+434.1708496E-03
+330.0000E-06,+492.7135626E-03,+426.1306487E-03
+330.2500E-06,+490.4522561E-03,+434.1708496E-03
+330.5000E-06,+492.2110500E-03,+440.4522566E-03
+330.7500E-06,+494.2211002E-03,+426.1306487E-03
+331.0000E-06,+482.4120551E-03,+426.1306487E-03
+331.2500E-06,+498.4924570E-03,+434.1708496E-03
+331.5000E-06,+490.4522561E-03,+442.2110505E-03
+331.7500E-06,+490.4522561E-03,+434.1708496E-03
+332.0000E-06,+490.4522561E-03,+431.9095431E-03
+332.2500E-06,+490.4522561E-03,+426.3819050E-03
+332.5000E-06,+490.4522561E-03,+434.1708496E-03
+332.7500E-06,+494.2211002E-03,+434.1708496E-03
+333.0000E-06,+496.2311505E-03,+434.1708496E-03
+333.2500E-06,+498.4924570E-03,+441.9597943E-03
+333.5000E-06,+490.4522561E-03,+434.1708496E-03
+333.7500E-06,+486.6834119E-03,+426.1306487E-03
+334.0000E-06,+490.4522561E-03,+426.1306487E-03
+334.2500E-06,+490.4522561E-03,+426.1306487E-03
+334.5000E-06,+490.4522561E-03,+426.1306487E-03
+334.7500E-06,+490.4522561E-03,+434.1708496E-03
+335.0000E-06,+484.6733616E-03,+428.3919552E-03
+335.2500E-06,+490.7035123E-03,+426.1306487E-03
+335.5000E-06,+490.4522561E-03,+427.8894426E-03
+335.7500E-06,+494.7236128E-03,+426.1306487E-03
+336.0000E-06,+490.4522561E-03,+431.9095431E-03
+336.2500E-06,+482.4120551E-03,+426.3819050E-03
+336.5000E-06,+490.4522561E-03,+426.1306487E-03
+336.7500E-06,+490.4522561E-03,+430.4020054E-03
+337.0000E-06,+488.1909495E-03,+418.0904478E-03
+337.2500E-06,+482.4120551E-03,+425.8793924E-03
+337.5000E-06,+488.6934621E-03,+419.8492417E-03
+337.7500E-06,+490.4522561E-03,+426.1306487E-03
+338.0000E-06,+490.4522561E-03,+423.8693422E-03
+338.2500E-06,+490.4522561E-03,+426.3819050E-03
+338.5000E-06,+490.4522561E-03,+424.3718548E-03
+338.7500E-06,+486.6834119E-03,+422.3618045E-03
+339.0000E-06,+490.4522561E-03,+420.3517543E-03
+339.2500E-06,+482.6633114E-03,+418.0904478E-03
+339.5000E-06,+490.4522561E-03,+426.1306487E-03
+339.7500E-06,+490.4522561E-03,+426.1306487E-03
+340.0000E-06,+490.4522561E-03,+423.8693422E-03
+340.2500E-06,+490.2009998E-03,+425.8793924E-03
+340.5000E-06,+488.6934621E-03,+418.0904478E-03
+340.7500E-06,+482.4120551E-03,+414.3216036E-03
+341.0000E-06,+484.6733616E-03,+420.3517543E-03
+341.2500E-06,+490.4522561E-03,+418.3417041E-03
+341.5000E-06,+484.1708491E-03,+419.8492417E-03
+341.7500E-06,+482.4120551E-03,+426.1306487E-03
+342.0000E-06,+490.4522561E-03,+418.0904478E-03
+342.2500E-06,+474.6231105E-03,+426.1306487E-03
+342.5000E-06,+484.1708491E-03,+424.3718548E-03
+342.7500E-06,+490.4522561E-03,+425.6281361E-03
+343.0000E-06,+490.4522561E-03,+418.0904478E-03
+343.2500E-06,+490.4522561E-03,+418.0904478E-03
+343.5000E-06,+482.4120551E-03,+419.8492417E-03
+343.7500E-06,+482.4120551E-03,+421.8592920E-03
+344.0000E-06,+488.1909495E-03,+418.0904478E-03
+344.2500E-06,+490.2009998E-03,+418.0904478E-03
+344.5000E-06,+484.1708491E-03,+418.0904478E-03
+344.7500E-06,+490.4522561E-03,+418.0904478E-03
+345.0000E-06,+482.4120551E-03,+418.0904478E-03
+345.2500E-06,+482.4120551E-03,+418.3417041E-03
+345.5000E-06,+484.1708491E-03,+411.8090408E-03
+345.7500E-06,+482.4120551E-03,+418.0904478E-03
+346.0000E-06,+482.4120551E-03,+412.3115534E-03
+346.2500E-06,+490.2009998E-03,+418.0904478E-03
+346.5000E-06,+484.1708491E-03,+410.0502469E-03
+346.7500E-06,+482.4120551E-03,+413.8190910E-03
+347.0000E-06,+485.9296430E-03,+412.3115534E-03
+347.2500E-06,+474.6231105E-03,+417.8391915E-03
+347.5000E-06,+482.4120551E-03,+411.8090408E-03
+347.7500E-06,+486.1808993E-03,+418.5929604E-03
+348.0000E-06,+488.1909495E-03,+410.0502469E-03
+348.2500E-06,+482.4120551E-03,+418.0904478E-03
+348.5000E-06,+480.6532612E-03,+410.0502469E-03
+348.7500E-06,+482.4120551E-03,+410.0502469E-03
+349.0000E-06,+482.4120551E-03,+410.0502469E-03
+349.2500E-06,+482.1607989E-03,+417.8391915E-03
+349.5000E-06,+482.4120551E-03,+410.0502469E-03
+349.7500E-06,+478.6432110E-03,+414.3216036E-03
+350.0000E-06,+482.4120551E-03,+410.0502469E-03
+350.2500E-06,+482.4120551E-03,+410.0502469E-03
+350.5000E-06,+474.3718542E-03,+408.2914529E-03
+350.7500E-06,+478.1406984E-03,+398.2412018E-03
+351.0000E-06,+474.3718542E-03,+404.2713525E-03
+351.2500E-06,+482.4120551E-03,+402.2613022E-03
+351.5000E-06,+482.4120551E-03,+410.0502469E-03
+351.7500E-06,+478.1406984E-03,+397.7386892E-03
+352.0000E-06,+482.4120551E-03,+407.7889404E-03
+352.2500E-06,+481.9095426E-03,+402.2613022E-03
+352.5000E-06,+469.8492412E-03,+402.0100459E-03
+352.7500E-06,+478.6432110E-03,+406.2814027E-03
+353.0000E-06,+488.1909495E-03,+413.5678348E-03
+353.2500E-06,+482.4120551E-03,+402.0100459E-03
+353.5000E-06,+482.4120551E-03,+402.0100459E-03
+353.7500E-06,+474.3718542E-03,+402.0100459E-03
+354.0000E-06,+476.6331607E-03,+402.0100459E-03
+354.2500E-06,+474.3718542E-03,+402.0100459E-03
+354.5000E-06,+482.4120551E-03,+402.0100459E-03
+354.7500E-06,+478.6432110E-03,+406.2814027E-03
+355.0000E-06,+474.3718542E-03,+402.0100459E-03
+355.2500E-06,+474.3718542E-03,+394.2211013E-03
+355.5000E-06,+474.3718542E-03,+402.0100459E-03
+355.7500E-06,+474.3718542E-03,+402.0100459E-03
+356.0000E-06,+482.4120551E-03,+399.7487394E-03
+356.2500E-06,+482.4120551E-03,+402.2613022E-03
+356.5000E-06,+474.3718542E-03,+397.4874329E-03
+356.7500E-06,+470.6030100E-03,+402.0100459E-03
+357.0000E-06,+468.5929598E-03,+402.0100459E-03
+357.2500E-06,+474.3718542E-03,+409.7989906E-03
+357.5000E-06,+474.3718542E-03,+402.0100459E-03
+357.7500E-06,+478.6432110E-03,+397.7386892E-03
+358.0000E-06,+482.4120551E-03,+407.7889404E-03
+358.2500E-06,+474.6231105E-03,+409.7989906E-03
+358.5000E-06,+474.3718542E-03,+393.9698450E-03
+358.7500E-06,+482.4120551E-03,+397.7386892E-03
+359.0000E-06,+472.1105477E-03,+399.7487394E-03
+359.2500E-06,+482.1607989E-03,+402.0100459E-03
+359.5000E-06,+474.3718542E-03,+387.6884381E-03
+359.7500E-06,+474.3718542E-03,+398.2412018E-03
+360.0000E-06,+480.1507486E-03,+396.2311515E-03
+360.2500E-06,+466.3316533E-03,+393.7185887E-03
+360.5000E-06,+472.6130603E-03,+393.9698450E-03
+360.7500E-06,+470.1004975E-03,+390.2010009E-03
+361.0000E-06,+474.3718542E-03,+391.7085385E-03
+361.2500E-06,+474.3718542E-03,+401.7587897E-03
+361.5000E-06,+474.3718542E-03,+389.4472320E-03
+361.7500E-06,+474.3718542E-03,+385.9296441E-03
+362.0000E-06,+472.1105477E-03,+391.7085385E-03
+362.2500E-06,+466.5829096E-03,+385.9296441E-03
+362.5000E-06,+464.5728594E-03,+392.2110511E-03
+362.7500E-06,+478.1406984E-03,+385.9296441E-03
+363.0000E-06,+474.3718542E-03,+393.9698450E-03
+363.2500E-06,+474.1205979E-03,+386.1809004E-03
+363.5000E-06,+466.3316533E-03,+385.9296441E-03
+363.7500E-06,+466.3316533E-03,+385.9296441E-03
+364.0000E-06,+472.1105477E-03,+388.1909506E-03
+364.2500E-06,+474.3718542E-03,+385.9296441E-03
+364.5000E-06,+466.3316533E-03,+385.9296441E-03
+364.7500E-06,+470.6030100E-03,+385.9296441E-03
+365.0000E-06,+468.5929598E-03,+391.7085385E-03
+365.2500E-06,+466.5829096E-03,+378.1406995E-03
+365.5000E-06,+474.3718542E-03,+392.2110511E-03
+365.7500E-06,+466.3316533E-03,+393.9698450E-03
+366.0000E-06,+468.5929598E-03,+385.9296441E-03
+366.2500E-06,+466.5829096E-03,+386.1809004E-03
+366.5000E-06,+472.6130603E-03,+392.2110511E-03
+366.7500E-06,+462.5628091E-03,+385.9296441E-03
+367.0000E-06,+466.3316533E-03,+383.6683376E-03
+367.2500E-06,+466.3316533E-03,+385.9296441E-03
+367.5000E-06,+464.5728594E-03,+379.6482371E-03
+367.7500E-06,+470.1004975E-03,+389.6984883E-03
+368.0000E-06,+466.3316533E-03,+385.9296441E-03
+368.2500E-06,+466.5829096E-03,+386.1809004E-03
+368.5000E-06,+466.3316533E-03,+392.2110511E-03
+368.7500E-06,+458.2914524E-03,+382.1607999E-03
+369.0000E-06,+466.3316533E-03,+385.9296441E-03
+369.2500E-06,+466.3316533E-03,+378.1406995E-03
+369.5000E-06,+466.3316533E-03,+379.6482371E-03
+369.7500E-06,+466.3316533E-03,+381.6582874E-03
+370.0000E-06,+460.5527589E-03,+385.9296441E-03
+370.2500E-06,+458.2914524E-03,+377.8894432E-03
+370.5000E-06,+458.2914524E-03,+379.6482371E-03
+370.7500E-06,+462.0602966E-03,+377.8894432E-03
+371.0000E-06,+458.2914524E-03,+380.1507497E-03
+371.2500E-06,+466.0803970E-03,+385.6783878E-03
+371.5000E-06,+464.5728594E-03,+384.1708502E-03
+371.7500E-06,+458.2914524E-03,+377.8894432E-03
+372.0000E-06,+456.0301459E-03,+377.8894432E-03
+372.2500E-06,+458.2914524E-03,+370.1004986E-03
+372.5000E-06,+460.0502463E-03,+371.6080362E-03
+372.7500E-06,+458.2914524E-03,+374.1205990E-03
+373.0000E-06,+466.3316533E-03,+372.1105488E-03
+373.2500E-06,+458.2914524E-03,+370.1004986E-03
+373.5000E-06,+458.2914524E-03,+376.1306492E-03
+373.7500E-06,+458.2914524E-03,+373.6180864E-03
+374.0000E-06,+456.0301459E-03,+369.8492423E-03
+374.2500E-06,+450.5025077E-03,+369.8492423E-03
+374.5000E-06,+450.2512515E-03,+369.8492423E-03
+374.7500E-06,+454.5226082E-03,+369.8492423E-03
+375.0000E-06,+450.2512515E-03,+375.6281367E-03
+375.2500E-06,+458.2914524E-03,+377.6381869E-03
+375.5000E-06,+450.2512515E-03,+363.5678353E-03
+375.7500E-06,+458.2914524E-03,+369.8492423E-03
+376.0000E-06,+458.2914524E-03,+375.6281367E-03
+376.2500E-06,+458.2914524E-03,+377.6381869E-03
+376.5000E-06,+452.0100454E-03,+369.8492423E-03
+376.7500E-06,+458.2914524E-03,+374.1205990E-03
+377.0000E-06,+450.2512515E-03,+369.8492423E-03
+377.2500E-06,+458.0401961E-03,+369.8492423E-03
+377.5000E-06,+450.2512515E-03,+363.5678353E-03
+377.7500E-06,+454.0200956E-03,+366.0803981E-03
+378.0000E-06,+452.5125580E-03,+367.5879358E-03
+378.2500E-06,+450.2512515E-03,+361.8090414E-03
+378.5000E-06,+450.2512515E-03,+361.8090414E-03
+378.7500E-06,+454.0200956E-03,+369.8492423E-03
+379.0000E-06,+452.5125580E-03,+369.8492423E-03
+379.2500E-06,+458.0401961E-03,+362.0602976E-03
+379.5000E-06,+452.0100454E-03,+369.8492423E-03
+379.7500E-06,+454.0200956E-03,+369.8492423E-03
+380.0000E-06,+450.2512515E-03,+361.8090414E-03
+380.2500E-06,+442.4623068E-03,+369.5979860E-03
+380.5000E-06,+443.9698445E-03,+363.5678353E-03
+380.7500E-06,+450.2512515E-03,+361.8090414E-03
+381.0000E-06,+450.2512515E-03,+367.5879358E-03
+381.2500E-06,+458.2914524E-03,+361.8090414E-03
+381.5000E-06,+456.5326584E-03,+361.8090414E-03
+381.7500E-06,+450.2512515E-03,+353.7688404E-03
+382.0000E-06,+450.2512515E-03,+361.8090414E-03
+382.2500E-06,+442.4623068E-03,+369.5979860E-03
+382.5000E-06,+450.2512515E-03,+361.8090414E-03
+382.7500E-06,+450.2512515E-03,+353.7688404E-03
+383.0000E-06,+456.0301459E-03,+359.5477348E-03
+383.2500E-06,+442.4623068E-03,+353.7688404E-03
+383.5000E-06,+450.2512515E-03,+358.2914535E-03
+383.7500E-06,+442.2110505E-03,+358.0401972E-03
+384.0000E-06,+442.2110505E-03,+347.9899460E-03
+384.2500E-06,+449.9999952E-03,+353.5175841E-03
+384.5000E-06,+443.9698445E-03,+360.0502474E-03
+384.7500E-06,+446.4824073E-03,+349.9999963E-03
+385.0000E-06,+450.2512515E-03,+347.9899460E-03
+385.2500E-06,+442.4623068E-03,+353.7688404E-03
+385.5000E-06,+442.2110505E-03,+339.4472325E-03
+385.7500E-06,+438.4422064E-03,+349.9999963E-03
+386.0000E-06,+450.2512515E-03,+353.7688404E-03
+386.2500E-06,+449.9999952E-03,+353.5175841E-03
+386.5000E-06,+442.2110505E-03,+353.7688404E-03
+386.7500E-06,+446.4824073E-03,+353.7688404E-03
+387.0000E-06,+439.9497440E-03,+347.9899460E-03
+387.2500E-06,+434.4221059E-03,+345.7286395E-03
+387.5000E-06,+435.9296436E-03,+345.7286395E-03
+387.7500E-06,+446.4824073E-03,+349.9999963E-03
+388.0000E-06,+442.2110505E-03,+353.7688404E-03
+388.2500E-06,+442.2110505E-03,+345.7286395E-03
+388.5000E-06,+442.2110505E-03,+341.2060265E-03
+388.7500E-06,+434.1708496E-03,+345.7286395E-03
+389.0000E-06,+431.9095431E-03,+343.4673330E-03
+389.2500E-06,+441.9597943E-03,+345.4773832E-03
+389.5000E-06,+435.9296436E-03,+345.7286395E-03
+389.7500E-06,+437.9396938E-03,+341.4572828E-03
+390.0000E-06,+439.9497440E-03,+345.7286395E-03
+390.2500E-06,+434.1708496E-03,+345.4773832E-03
+390.5000E-06,+434.1708496E-03,+352.0100465E-03
+390.7500E-06,+433.6683370E-03,+345.7286395E-03
+391.0000E-06,+439.9497440E-03,+351.5075339E-03
+391.2500E-06,+442.2110505E-03,+345.7286395E-03
+391.5000E-06,+440.4522566E-03,+337.6884386E-03
+391.7500E-06,+430.4020054E-03,+337.6884386E-03
+392.0000E-06,+431.9095431E-03,+343.4673330E-03
+392.2500E-06,+434.1708496E-03,+345.7286395E-03
+392.5000E-06,+427.8894426E-03,+345.7286395E-03
+392.7500E-06,+434.1708496E-03,+341.9597953E-03
+393.0000E-06,+431.9095431E-03,+343.4673330E-03
+393.2500E-06,+433.9195933E-03,+337.6884386E-03
+393.5000E-06,+440.4522566E-03,+345.7286395E-03
+393.7500E-06,+426.1306487E-03,+337.6884386E-03
+394.0000E-06,+431.9095431E-03,+343.4673330E-03
+394.2500E-06,+433.9195933E-03,+337.6884386E-03
+394.5000E-06,+434.1708496E-03,+335.9296447E-03
+394.7500E-06,+434.1708496E-03,+341.4572828E-03
+395.0000E-06,+428.3919552E-03,+337.6884386E-03
+395.2500E-06,+426.1306487E-03,+337.6884386E-03
+395.5000E-06,+426.1306487E-03,+335.9296447E-03
+395.7500E-06,+421.8592920E-03,+333.9195944E-03
+396.0000E-06,+429.6482366E-03,+337.6884386E-03
+396.2500E-06,+426.3819050E-03,+329.8994940E-03
+396.5000E-06,+427.8894426E-03,+329.6482377E-03
+396.7500E-06,+434.1708496E-03,+333.4170818E-03
+397.0000E-06,+426.1306487E-03,+329.6482377E-03
+397.2500E-06,+426.1306487E-03,+329.3969814E-03
+397.5000E-06,+432.4120557E-03,+323.3668307E-03
+397.7500E-06,+430.4020054E-03,+325.3768809E-03
+398.0000E-06,+426.1306487E-03,+329.6482377E-03
+398.2500E-06,+425.8793924E-03,+321.6080368E-03
+398.5000E-06,+418.0904478E-03,+323.3668307E-03
+398.7500E-06,+421.8592920E-03,+325.3768809E-03
+399.0000E-06,+418.0904478E-03,+323.8693433E-03
+399.2500E-06,+418.0904478E-03,+321.6080368E-03
+399.5000E-06,+426.1306487E-03,+315.3266298E-03
+399.7500E-06,+422.3618045E-03,+317.3366800E-03
+400.0000E-06,+418.0904478E-03,+321.6080368E-03
+400.2500E-06,+425.8793924E-03,+321.8592930E-03
+400.5000E-06,+424.3718548E-03,+315.3266298E-03
+400.7500E-06,+422.3618045E-03,+321.6080368E-03
+401.0000E-06,+426.1306487E-03,+321.6080368E-03
+401.2500E-06,+426.1306487E-03,+321.6080368E-03
+401.5000E-06,+424.3718548E-03,+321.6080368E-03
+401.7500E-06,+418.0904478E-03,+313.5678358E-03
+402.0000E-06,+412.3115534E-03,+313.5678358E-03
+402.2500E-06,+425.8793924E-03,+321.3567805E-03
+402.5000E-06,+418.0904478E-03,+321.6080368E-03
+402.7500E-06,+417.5879352E-03,+317.3366800E-03
+403.0000E-06,+418.0904478E-03,+321.6080368E-03
+403.2500E-06,+418.0904478E-03,+313.8190921E-03
+403.5000E-06,+410.0502469E-03,+321.6080368E-03
+403.7500E-06,+413.8190910E-03,+317.8391926E-03
+404.0000E-06,+410.0502469E-03,+311.3065293E-03
+404.2500E-06,+418.0904478E-03,+313.3165795E-03
+404.5000E-06,+418.0904478E-03,+315.3266298E-03
+404.7500E-06,+414.3216036E-03,+321.6080368E-03
+405.0000E-06,+415.8291413E-03,+319.3467302E-03
+405.2500E-06,+410.3015032E-03,+305.5276349E-03
+405.5000E-06,+416.3316538E-03,+313.5678358E-03
+405.7500E-06,+410.0502469E-03,+313.5678358E-03
+406.0000E-06,+410.0502469E-03,+307.7889414E-03
+406.2500E-06,+410.0502469E-03,+305.7788912E-03
+406.5000E-06,+410.0502469E-03,+307.2864289E-03
+406.7500E-06,+410.0502469E-03,+301.2562782E-03
+407.0000E-06,+407.7889403E-03,+313.5678358E-03
+407.2500E-06,+410.0502469E-03,+305.2763786E-03
+407.5000E-06,+410.0502469E-03,+303.7688410E-03
+407.7500E-06,+410.0502469E-03,+309.7989917E-03
+408.0000E-06,+410.0502469E-03,+305.5276349E-03
+408.2500E-06,+417.8391915E-03,+305.5276349E-03
+408.5000E-06,+403.7688399E-03,+305.5276349E-03
+408.7500E-06,+410.0502469E-03,+301.2562782E-03
+409.0000E-06,+398.4924581E-03,+305.5276349E-03
+409.2500E-06,+402.0100459E-03,+305.5276349E-03
+409.5000E-06,+408.2914529E-03,+303.7688410E-03
+409.7500E-06,+402.0100459E-03,+297.4874340E-03
+410.0000E-06,+402.0100459E-03,+303.2663284E-03
+410.2500E-06,+402.0100459E-03,+297.4874340E-03
+410.5000E-06,+400.2512520E-03,+299.2462279E-03
+410.7500E-06,+402.0100459E-03,+297.4874340E-03
+411.0000E-06,+402.0100459E-03,+295.2261275E-03
+411.2500E-06,+410.0502469E-03,+297.4874340E-03
+411.5000E-06,+403.7688399E-03,+295.7286401E-03
+411.7500E-06,+397.7386892E-03,+297.4874340E-03
+412.0000E-06,+402.0100459E-03,+305.5276349E-03
+412.2500E-06,+393.9698450E-03,+289.6984894E-03
+412.5000E-06,+400.2512520E-03,+291.2060270E-03
+412.7500E-06,+393.9698450E-03,+293.2160773E-03
+413.0000E-06,+402.0100459E-03,+295.2261275E-03
+413.2500E-06,+402.0100459E-03,+297.4874340E-03
+413.5000E-06,+400.2512520E-03,+289.4472331E-03
+413.7500E-06,+393.9698450E-03,+289.4472331E-03
+414.0000E-06,+393.9698450E-03,+287.1859266E-03
+414.2500E-06,+401.7587897E-03,+289.6984894E-03
+414.5000E-06,+402.0100459E-03,+295.7286401E-03
+414.7500E-06,+389.6984883E-03,+289.4472331E-03
+415.0000E-06,+396.2311515E-03,+291.7085396E-03
+415.2500E-06,+393.9698450E-03,+289.6984894E-03
+415.5000E-06,+393.9698450E-03,+289.4472331E-03
+415.7500E-06,+393.9698450E-03,+289.4472331E-03
+416.0000E-06,+388.1909506E-03,+297.4874340E-03
+416.2500E-06,+385.9296441E-03,+296.9849214E-03
+416.5000E-06,+393.9698450E-03,+281.4070322E-03
+416.7500E-06,+390.2010009E-03,+293.7185898E-03
+417.0000E-06,+391.7085385E-03,+289.4472331E-03
+417.2500E-06,+393.9698450E-03,+289.1959768E-03
+417.5000E-06,+393.9698450E-03,+287.6884391E-03
+417.7500E-06,+385.9296441E-03,+277.6381880E-03
+418.0000E-06,+391.7085385E-03,+281.4070322E-03
+418.2500E-06,+393.7185887E-03,+281.6582885E-03
+418.5000E-06,+392.2110511E-03,+281.4070322E-03
+418.7500E-06,+390.2010009E-03,+281.4070322E-03
+419.0000E-06,+383.6683376E-03,+281.4070322E-03
+419.2500E-06,+393.7185887E-03,+281.4070322E-03
+419.5000E-06,+385.9296441E-03,+281.4070322E-03
+419.7500E-06,+385.9296441E-03,+273.3668312E-03
+420.0000E-06,+391.7085385E-03,+273.3668312E-03
+420.2500E-06,+386.1809004E-03,+273.3668312E-03
+420.5000E-06,+379.6482371E-03,+279.6482382E-03
+420.7500E-06,+385.9296441E-03,+269.5979871E-03
+421.0000E-06,+385.9296441E-03,+259.5477359E-03
+421.2500E-06,+385.9296441E-03,+281.1557759E-03
+421.5000E-06,+385.9296441E-03,+275.1256252E-03
+421.7500E-06,+382.1607999E-03,+273.3668312E-03
+422.0000E-06,+369.8492423E-03,+271.1055247E-03
+422.2500E-06,+385.6783878E-03,+273.3668312E-03
+422.5000E-06,+377.8894432E-03,+271.6080373E-03
+422.7500E-06,+385.9296441E-03,+269.5979871E-03
+423.0000E-06,+383.6683376E-03,+265.3266303E-03
+423.2500E-06,+385.6783878E-03,+265.5778866E-03
+423.5000E-06,+377.8894432E-03,+265.3266303E-03
+423.7500E-06,+381.6582874E-03,+265.3266303E-03
+424.0000E-06,+377.8894432E-03,+257.2864294E-03
+424.2500E-06,+377.8894432E-03,+257.5376857E-03
+424.5000E-06,+376.1306492E-03,+257.2864294E-03
+424.7500E-06,+382.1607999E-03,+265.3266303E-03
+425.0000E-06,+372.1105488E-03,+259.5477359E-03
+425.2500E-06,+369.8492423E-03,+265.3266303E-03
+425.5000E-06,+369.8492423E-03,+265.3266303E-03
+425.7500E-06,+377.8894432E-03,+265.3266303E-03
+426.0000E-06,+372.1105488E-03,+271.1055247E-03
+426.2500E-06,+377.8894432E-03,+257.5376857E-03
+426.5000E-06,+369.8492423E-03,+259.0452233E-03
+426.7500E-06,+369.8492423E-03,+257.2864294E-03
+427.0000E-06,+364.0703479E-03,+249.2462285E-03
+427.2500E-06,+362.0602976E-03,+257.2864294E-03
+427.5000E-06,+376.1306492E-03,+255.5276355E-03
+427.7500E-06,+374.1205990E-03,+265.3266303E-03
+428.0000E-06,+369.8492423E-03,+257.2864294E-03
+428.2500E-06,+369.8492423E-03,+257.2864294E-03
+428.5000E-06,+369.8492423E-03,+257.2864294E-03
+428.7500E-06,+369.8492423E-03,+253.5175852E-03
+429.0000E-06,+369.8492423E-03,+257.2864294E-03
+429.2500E-06,+369.5979860E-03,+249.2462285E-03
+429.5000E-06,+369.8492423E-03,+257.2864294E-03
+429.7500E-06,+369.8492423E-03,+253.5175852E-03
+430.0000E-06,+364.0703479E-03,+257.2864294E-03
+430.2500E-06,+362.0602976E-03,+249.2462285E-03
+430.5000E-06,+368.0904483E-03,+249.2462285E-03
+430.7500E-06,+361.8090414E-03,+253.0150727E-03
+431.0000E-06,+367.5879357E-03,+255.0251229E-03
+431.2500E-06,+361.8090414E-03,+257.0351731E-03
+431.5000E-06,+361.8090414E-03,+249.2462285E-03
+431.7500E-06,+361.8090414E-03,+249.2462285E-03
+432.0000E-06,+361.8090414E-03,+246.9849220E-03
+432.2500E-06,+361.8090414E-03,+241.4572839E-03
+432.5000E-06,+361.8090414E-03,+242.9648215E-03
+432.7500E-06,+357.5376846E-03,+241.2060276E-03
+433.0000E-06,+359.5477348E-03,+241.2060276E-03
+433.2500E-06,+354.0200967E-03,+241.4572839E-03
+433.5000E-06,+361.8090414E-03,+241.2060276E-03
+433.7500E-06,+361.8090414E-03,+245.4773843E-03
+434.0000E-06,+359.5477348E-03,+241.2060276E-03
+434.2500E-06,+353.7688404E-03,+241.2060276E-03
+434.5000E-06,+353.7688404E-03,+241.2060276E-03
+434.7500E-06,+358.0401972E-03,+233.1658266E-03
+435.0000E-06,+353.7688404E-03,+238.9447210E-03
+435.2500E-06,+353.5175841E-03,+233.1658266E-03
+435.5000E-06,+361.8090414E-03,+233.1658266E-03
+435.7500E-06,+353.7688404E-03,+233.1658266E-03
+436.0000E-06,+351.5075339E-03,+227.3869323E-03
+436.2500E-06,+353.7688404E-03,+241.2060276E-03
+436.5000E-06,+353.7688404E-03,+241.2060276E-03
+436.7500E-06,+353.7688404E-03,+241.2060276E-03
+437.0000E-06,+342.2110516E-03,+238.9447210E-03
+437.2500E-06,+353.5175841E-03,+233.1658266E-03
+437.5000E-06,+353.7688404E-03,+231.4070327E-03
+437.7500E-06,+349.4974837E-03,+233.1658266E-03
+438.0000E-06,+347.9899460E-03,+227.3869323E-03
+438.2500E-06,+345.7286395E-03,+233.1658266E-03
+438.5000E-06,+347.4874335E-03,+220.6030127E-03
+438.7500E-06,+341.4572828E-03,+225.1256257E-03
+439.0000E-06,+345.7286395E-03,+233.1658266E-03
+439.2500E-06,+345.7286395E-03,+233.1658266E-03
+439.5000E-06,+345.7286395E-03,+233.1658266E-03
+439.7500E-06,+345.7286395E-03,+228.8944699E-03
+440.0000E-06,+339.9497451E-03,+230.9045201E-03
+440.2500E-06,+337.6884386E-03,+225.3768820E-03
+440.5000E-06,+337.6884386E-03,+225.1256257E-03
+440.7500E-06,+345.7286395E-03,+229.3969825E-03
+441.0000E-06,+343.4673330E-03,+217.0854248E-03
+441.2500E-06,+345.7286395E-03,+225.1256257E-03
+441.5000E-06,+339.4472325E-03,+225.1256257E-03
+441.7500E-06,+337.6884386E-03,+228.8944699E-03
+442.0000E-06,+337.6884386E-03,+217.0854248E-03
+442.2500E-06,+337.6884386E-03,+217.3366811E-03
+442.5000E-06,+335.9296447E-03,+223.3668318E-03
+442.7500E-06,+341.9597953E-03,+221.3567816E-03
+443.0000E-06,+337.6884386E-03,+225.1256257E-03
+443.2500E-06,+337.6884386E-03,+217.0854248E-03
+443.5000E-06,+335.9296447E-03,+218.8442187E-03
+443.7500E-06,+333.9195944E-03,+212.8140681E-03
+444.0000E-06,+331.9095442E-03,+214.8241183E-03
+444.2500E-06,+337.6884386E-03,+217.0854248E-03
+444.5000E-06,+329.6482377E-03,+217.0854248E-03
+444.7500E-06,+333.9195944E-03,+209.0452239E-03
+445.0000E-06,+331.9095442E-03,+217.0854248E-03
+445.2500E-06,+321.8592930E-03,+216.8341685E-03
+445.5000E-06,+335.9296447E-03,+202.7638169E-03
+445.7500E-06,+333.9195944E-03,+209.0452239E-03
+446.0000E-06,+323.8693433E-03,+209.0452239E-03
+446.2500E-06,+329.6482377E-03,+201.2562793E-03
+446.5000E-06,+323.3668307E-03,+209.0452239E-03
+446.7500E-06,+329.6482377E-03,+209.0452239E-03
+447.0000E-06,+329.6482377E-03,+209.0452239E-03
+447.2500E-06,+321.8592930E-03,+209.0452239E-03
+447.5000E-06,+327.8894437E-03,+201.0050230E-03
+447.7500E-06,+321.6080368E-03,+205.2763797E-03
+448.0000E-06,+329.6482377E-03,+209.0452239E-03
+448.2500E-06,+321.6080368E-03,+201.0050230E-03
+448.5000E-06,+323.3668307E-03,+201.0050230E-03
+448.7500E-06,+321.6080368E-03,+204.7738671E-03
+449.0000E-06,+323.8693433E-03,+206.7839174E-03
+449.2500E-06,+321.3567805E-03,+201.2562793E-03
+449.5000E-06,+321.6080368E-03,+202.7638169E-03
+449.7500E-06,+321.1055242E-03,+201.0050230E-03
+450.0000E-06,+319.3467302E-03,+195.2261286E-03
+450.2500E-06,+329.3969814E-03,+201.0050230E-03
+450.5000E-06,+321.6080368E-03,+201.0050230E-03
+450.7500E-06,+317.3366800E-03,+197.2361788E-03
+451.0000E-06,+319.3467302E-03,+198.7437165E-03
+451.2500E-06,+321.6080368E-03,+201.0050230E-03
+451.5000E-06,+321.6080368E-03,+194.7236160E-03
+451.7500E-06,+313.5678358E-03,+192.4623095E-03
+452.0000E-06,+319.3467302E-03,+201.0050230E-03
+452.2500E-06,+313.5678358E-03,+192.9648221E-03
+452.5000E-06,+313.5678358E-03,+192.9648221E-03
+452.7500E-06,+309.7989917E-03,+192.9648221E-03
+453.0000E-06,+313.5678358E-03,+190.7035155E-03
+453.2500E-06,+313.5678358E-03,+192.7135658E-03
+453.5000E-06,+313.5678358E-03,+192.9648221E-03
+453.7500E-06,+305.5276349E-03,+192.9648221E-03
+454.0000E-06,+307.7889414E-03,+184.9246211E-03
+454.2500E-06,+305.5276349E-03,+192.7135658E-03
+454.5000E-06,+305.5276349E-03,+184.9246211E-03
+454.7500E-06,+313.5678358E-03,+189.1959779E-03
+455.0000E-06,+307.7889414E-03,+184.9246211E-03
+455.2500E-06,+305.7788912E-03,+184.9246211E-03
+455.5000E-06,+313.5678358E-03,+191.2060281E-03
+455.7500E-06,+313.5678358E-03,+184.9246211E-03
+456.0000E-06,+302.0100470E-03,+176.8844202E-03
+456.2500E-06,+305.5276349E-03,+176.6331639E-03
+456.5000E-06,+305.5276349E-03,+183.1658272E-03
+456.7500E-06,+305.0251223E-03,+173.1155760E-03
+457.0000E-06,+303.2663284E-03,+168.8442193E-03
+457.2500E-06,+297.4874340E-03,+184.6733648E-03
+457.5000E-06,+301.0050219E-03,+175.1256263E-03
+457.7500E-06,+297.4874340E-03,+176.8844202E-03
+458.0000E-06,+297.4874340E-03,+176.8844202E-03
+458.2500E-06,+297.4874340E-03,+169.0954756E-03
+458.5000E-06,+303.7688410E-03,+175.1256263E-03
+458.7500E-06,+297.4874340E-03,+168.8442193E-03
+459.0000E-06,+297.4874340E-03,+174.6231137E-03
+459.2500E-06,+297.4874340E-03,+176.8844202E-03
+459.5000E-06,+297.4874340E-03,+168.8442193E-03
+459.7500E-06,+297.4874340E-03,+172.6130635E-03
+460.0000E-06,+297.4874340E-03,+171.1055258E-03
+460.2500E-06,+305.2763786E-03,+169.0954756E-03
+460.5000E-06,+291.2060270E-03,+175.1256263E-03
+460.7500E-06,+289.4472331E-03,+165.0753751E-03
+461.0000E-06,+289.4472331E-03,+166.5829128E-03
+461.2500E-06,+297.2361777E-03,+168.8442193E-03
+461.5000E-06,+289.4472331E-03,+168.8442193E-03
+461.7500E-06,+289.4472331E-03,+168.8442193E-03
+462.0000E-06,+289.4472331E-03,+160.8040184E-03
+462.2500E-06,+297.2361777E-03,+168.8442193E-03
+462.5000E-06,+287.6884391E-03,+154.5226114E-03
+462.7500E-06,+289.9497457E-03,+165.0753751E-03
+463.0000E-06,+292.9648210E-03,+166.5829128E-03
+463.2500E-06,+289.4472331E-03,+168.8442193E-03
+463.5000E-06,+289.4472331E-03,+167.0854254E-03
+463.7500E-06,+281.4070322E-03,+160.8040184E-03
+464.0000E-06,+284.9246200E-03,+166.5829128E-03
+464.2500E-06,+281.6582885E-03,+160.8040184E-03
+464.5000E-06,+283.1658261E-03,+160.8040184E-03
+464.7500E-06,+281.4070322E-03,+152.7638175E-03
+465.0000E-06,+281.4070322E-03,+160.8040184E-03
+465.2500E-06,+281.4070322E-03,+152.7638175E-03
+465.5000E-06,+281.4070322E-03,+152.7638175E-03
+465.7500E-06,+281.4070322E-03,+152.7638175E-03
+466.0000E-06,+281.4070322E-03,+152.7638175E-03
+466.2500E-06,+281.4070322E-03,+152.7638175E-03
+466.5000E-06,+281.4070322E-03,+152.7638175E-03
+466.7500E-06,+281.4070322E-03,+148.9949733E-03
+467.0000E-06,+281.4070322E-03,+152.7638175E-03
+467.2500E-06,+281.1557759E-03,+144.7236165E-03
+467.5000E-06,+281.4070322E-03,+152.7638175E-03
+467.7500E-06,+277.6381880E-03,+144.7236165E-03
+468.0000E-06,+275.6281378E-03,+144.7236165E-03
+468.2500E-06,+281.1557759E-03,+136.6834156E-03
+468.5000E-06,+279.6482382E-03,+144.7236165E-03
+468.7500E-06,+273.3668312E-03,+140.9547724E-03
+469.0000E-06,+271.1055247E-03,+136.6834156E-03
+469.2500E-06,+273.3668312E-03,+144.7236165E-03
+469.5000E-06,+273.3668312E-03,+136.6834156E-03
+469.7500E-06,+269.0954745E-03,+136.6834156E-03
+470.0000E-06,+273.3668312E-03,+142.4623100E-03
+470.2500E-06,+273.3668312E-03,+136.6834156E-03
+470.5000E-06,+273.3668312E-03,+136.6834156E-03
+470.7500E-06,+269.0954745E-03,+140.9547724E-03
+471.0000E-06,+265.3266303E-03,+128.6432147E-03
+471.2500E-06,+273.1155749E-03,+136.6834156E-03
+471.5000E-06,+265.3266303E-03,+136.6834156E-03
+471.7500E-06,+265.3266303E-03,+140.9547724E-03
+472.0000E-06,+267.5879368E-03,+136.6834156E-03
+472.2500E-06,+257.5376857E-03,+136.9346719E-03
+472.5000E-06,+265.3266303E-03,+141.2060287E-03
+472.7500E-06,+257.2864294E-03,+132.4120589E-03
+473.0000E-06,+265.3266303E-03,+130.9045212E-03
+473.2500E-06,+265.0753740E-03,+136.4321593E-03
+473.5000E-06,+263.5678364E-03,+128.6432147E-03
+473.7500E-06,+261.5577862E-03,+128.6432147E-03
+474.0000E-06,+263.0653238E-03,+128.6432147E-03
+474.2500E-06,+257.2864294E-03,+128.6432147E-03
+474.5000E-06,+257.2864294E-03,+128.6432147E-03
+474.7500E-06,+261.5577862E-03,+132.9145715E-03
+475.0000E-06,+257.2864294E-03,+130.9045212E-03
+475.2500E-06,+257.2864294E-03,+128.8944710E-03
+475.5000E-06,+259.0452233E-03,+126.8844208E-03
+475.7500E-06,+253.5175852E-03,+124.3718579E-03
+476.0000E-06,+257.2864294E-03,+126.3819082E-03
+476.2500E-06,+257.2864294E-03,+120.6030138E-03
+476.5000E-06,+255.5276355E-03,+126.8844208E-03
+476.7500E-06,+249.2462285E-03,+120.6030138E-03
+477.0000E-06,+249.2462285E-03,+120.6030138E-03
+477.2500E-06,+257.0351731E-03,+120.6030138E-03
+477.5000E-06,+249.2462285E-03,+112.5628129E-03
+477.7500E-06,+249.2462285E-03,+116.8341696E-03
+478.0000E-06,+249.2462285E-03,+120.6030138E-03
+478.2500E-06,+249.2462285E-03,+120.6030138E-03
+478.5000E-06,+242.9648215E-03,+114.3216068E-03
+478.7500E-06,+244.9748717E-03,+120.6030138E-03
+479.0000E-06,+243.4673341E-03,+114.8241194E-03
+479.2500E-06,+241.2060276E-03,+112.5628129E-03
+479.5000E-06,+241.2060276E-03,+110.8040189E-03
+479.7500E-06,+241.2060276E-03,+104.5226119E-03
+480.0000E-06,+241.2060276E-03,+112.5628129E-03
+480.2500E-06,+248.9949722E-03,+104.7738682E-03
+480.5000E-06,+234.9246206E-03,+112.5628129E-03
+480.7500E-06,+241.2060276E-03,+108.7939687E-03
+481.0000E-06,+235.4271332E-03,+110.3015063E-03
+481.2500E-06,+241.2060276E-03,+104.5226119E-03
+481.5000E-06,+241.2060276E-03,+104.5226119E-03
+481.7500E-06,+241.2060276E-03,+104.5226119E-03
+482.0000E-06,+233.1658266E-03,+102.2613054E-03
+482.2500E-06,+233.1658266E-03,+104.5226119E-03
+482.5000E-06,+233.1658266E-03,+104.5226119E-03
+482.7500E-06,+233.1658266E-03,+104.5226119E-03
+483.0000E-06,+233.1658266E-03,+99.9999989E-03
+483.2500E-06,+233.1658266E-03,+104.2713557E-03
+483.5000E-06,+239.4472336E-03,+104.5226119E-03
+483.7500E-06,+233.1658266E-03,+96.4824110E-03
+484.0000E-06,+235.4271332E-03,+96.4824110E-03
+484.2500E-06,+225.3768820E-03,+104.2713557E-03
+484.5000E-06,+233.1658266E-03,+104.5226119E-03
+484.7500E-06,+229.3969825E-03,+100.2512552E-03
+485.0000E-06,+227.3869323E-03,+92.9648232E-03
+485.2500E-06,+225.1256257E-03,+96.4824110E-03
+485.5000E-06,+233.1658266E-03,+88.4422101E-03
+485.7500E-06,+225.1256257E-03,+88.4422101E-03
+486.0000E-06,+227.3869323E-03,+88.4422101E-03
+486.2500E-06,+225.1256257E-03,+88.4422101E-03
+486.5000E-06,+225.1256257E-03,+94.7236171E-03
+486.7500E-06,+228.8944699E-03,+100.2512552E-03
+487.0000E-06,+225.1256257E-03,+96.4824110E-03
+487.2500E-06,+224.8743694E-03,+88.6934664E-03
+487.5000E-06,+225.1256257E-03,+94.7236171E-03
+487.7500E-06,+225.1256257E-03,+92.2110543E-03
+488.0000E-06,+225.1256257E-03,+80.4020092E-03
+488.2500E-06,+224.8743694E-03,+88.4422101E-03
+488.5000E-06,+217.0854248E-03,+88.4422101E-03
+488.7500E-06,+220.8542690E-03,+84.6733659E-03
+489.0000E-06,+217.0854248E-03,+82.6633157E-03
+489.2500E-06,+216.8341685E-03,+80.6532655E-03
+489.5000E-06,+215.3266309E-03,+86.6834162E-03
+489.7500E-06,+209.0452239E-03,+84.1708534E-03
+490.0000E-06,+217.0854248E-03,+80.4020092E-03
+490.2500E-06,+217.0854248E-03,+80.1507529E-03
+490.5000E-06,+210.8040178E-03,+80.4020092E-03
+490.7500E-06,+209.0452239E-03,+80.4020092E-03
+491.0000E-06,+209.0452239E-03,+80.4020092E-03
+491.2500E-06,+217.0854248E-03,+72.3618083E-03
+491.5000E-06,+209.0452239E-03,+74.1206022E-03
+491.7500E-06,+212.8140681E-03,+68.0904515E-03
+492.0000E-06,+209.0452239E-03,+72.3618083E-03
+492.2500E-06,+209.0452239E-03,+56.5326627E-03
+492.5000E-06,+209.0452239E-03,+64.3216074E-03
+492.7500E-06,+201.0050230E-03,+64.3216074E-03
+493.0000E-06,+203.2663295E-03,+64.3216074E-03
+493.2500E-06,+201.2562793E-03,+72.3618083E-03
+493.5000E-06,+201.0050230E-03,+72.3618083E-03
+493.7500E-06,+201.0050230E-03,+64.3216074E-03
+494.0000E-06,+201.0050230E-03,+72.3618083E-03
+494.2500E-06,+200.7537667E-03,+64.5728636E-03
+494.5000E-06,+207.2864300E-03,+64.3216074E-03
+494.7500E-06,+204.7738671E-03,+68.0904515E-03
+495.0000E-06,+206.7839174E-03,+64.3216074E-03
+495.2500E-06,+201.0050230E-03,+64.3216074E-03
+495.5000E-06,+201.0050230E-03,+64.3216074E-03
+495.7500E-06,+201.0050230E-03,+64.3216074E-03
+496.0000E-06,+197.4874351E-03,+64.3216074E-03
+496.2500E-06,+192.9648221E-03,+64.3216074E-03
+496.5000E-06,+194.7236160E-03,+56.2814064E-03
+496.7500E-06,+197.2361788E-03,+64.3216074E-03
+497.0000E-06,+192.9648221E-03,+58.5427130E-03
+497.2500E-06,+192.9648221E-03,+64.3216074E-03
+497.5000E-06,+192.9648221E-03,+64.3216074E-03
+497.7500E-06,+188.6934653E-03,+60.5527632E-03
+498.0000E-06,+184.9246211E-03,+56.2814064E-03
+498.2500E-06,+184.9246211E-03,+63.8190948E-03
+498.5000E-06,+192.9648221E-03,+58.0402004E-03
+498.7500E-06,+184.9246211E-03,+56.2814064E-03
+499.0000E-06,+184.9246211E-03,+56.2814064E-03
+499.2500E-06,+184.9246211E-03,+48.4924618E-03
+499.5000E-06,+184.9246211E-03,+49.9999994E-03
+499.7500E-06,+184.9246211E-03,+56.2814064E-03
+500.0000E-06,+179.1457267E-03,+48.2412055E-03
+500.2500E-06,+184.6733648E-03,+47.9899492E-03
+500.5000E-06,+189.4472342E-03,+48.2412055E-03
+500.7500E-06,+184.9246211E-03,+48.2412055E-03
+501.0000E-06,+184.9246211E-03,+42.4623111E-03
+501.2500E-06,+184.6733648E-03,+40.4522609E-03
+501.5000E-06,+178.6432142E-03,+48.2412055E-03
+501.7500E-06,+184.9246211E-03,+48.7437181E-03
+502.0000E-06,+184.9246211E-03,+40.2010046E-03
+502.2500E-06,+176.8844202E-03,+47.7386929E-03
+502.5000E-06,+183.1658272E-03,+38.4422107E-03
+502.7500E-06,+176.8844202E-03,+40.2010046E-03
+503.0000E-06,+176.8844202E-03,+37.9396981E-03
+503.2500E-06,+176.8844202E-03,+40.2010046E-03
+503.5000E-06,+176.8844202E-03,+38.4422107E-03
+503.7500E-06,+172.6130635E-03,+32.1608037E-03
+504.0000E-06,+176.8844202E-03,+32.1608037E-03
+504.2500E-06,+168.8442193E-03,+32.1608037E-03
+504.5000E-06,+170.6030132E-03,+33.9195976E-03
+504.7500E-06,+172.6130635E-03,+36.4321604E-03
+505.0000E-06,+166.5829128E-03,+32.1608037E-03
+505.2500E-06,+176.6331639E-03,+24.3718590E-03
+505.5000E-06,+168.8442193E-03,+33.9195976E-03
+505.7500E-06,+168.8442193E-03,+32.1608037E-03
+506.0000E-06,+166.5829128E-03,+26.3819093E-03
+506.2500E-06,+161.0552747E-03,+32.1608037E-03
+506.5000E-06,+162.5628123E-03,+24.1206028E-03
+506.7500E-06,+165.0753751E-03,+32.1608037E-03
+507.0000E-06,+160.8040184E-03,+29.8994972E-03
+507.2500E-06,+161.0552747E-03,+31.9095474E-03
+507.5000E-06,+154.5226114E-03,+25.8793967E-03
+507.7500E-06,+160.8040184E-03,+27.8894469E-03
+508.0000E-06,+158.5427119E-03,+32.1608037E-03
+508.2500E-06,+160.8040184E-03,+24.1206028E-03
+508.5000E-06,+160.8040184E-03,+22.3618088E-03
+508.7500E-06,+156.5326616E-03,+24.1206028E-03
+509.0000E-06,+160.8040184E-03,+24.1206028E-03
+509.2500E-06,+160.5527621E-03,+23.8693465E-03
+509.5000E-06,+154.5226114E-03,+22.3618088E-03
+509.7500E-06,+152.7638175E-03,+19.8492460E-03
+510.0000E-06,+152.7638175E-03,+21.8592962E-03
+510.2500E-06,+153.0150738E-03,+23.8693465E-03
+510.5000E-06,+154.5226114E-03,+17.8391958E-03
+510.7500E-06,+152.7638175E-03,+24.1206028E-03
+511.0000E-06,+146.9849231E-03,+24.1206028E-03
+511.2500E-06,+144.9748728E-03,+16.0804018E-03
+511.5000E-06,+152.7638175E-03,+16.0804018E-03
+511.7500E-06,+148.9949733E-03,+16.0804018E-03
+512.0000E-06,+152.7638175E-03,+8.0402009E-03
+512.2500E-06,+144.7236165E-03,+16.0804018E-03
+512.5000E-06,+144.7236165E-03,+14.3216079E-03
+512.7500E-06,+156.5326616E-03,+16.0804018E-03
+513.0000E-06,+150.5025109E-03,+8.0402009E-03
+513.2500E-06,+144.7236165E-03,+8.0402009E-03
+513.5000E-06,+144.7236165E-03,+16.0804018E-03
+513.7500E-06,+140.9547724E-03,+4.2713568E-03
+514.0000E-06,+146.9849231E-03,+8.0402009E-03
+514.2500E-06,+144.4723602E-03,+15.8291455E-03
+514.5000E-06,+134.9246217E-03,+8.0402009E-03
+514.7500E-06,+136.6834156E-03,+4.2713568E-03
+515.0000E-06,+138.9447221E-03,-5.7788944E-03
+515.2500E-06,+136.9346719E-03,+0.0E+00
+515.5000E-06,+136.6834156E-03,+0.0E+00
+515.7500E-06,+136.6834156E-03,-3.7688442E-03
+516.0000E-06,+130.9045212E-03,+0.0E+00
+516.2500E-06,+136.6834156E-03,+0.0E+00
+516.5000E-06,+136.6834156E-03,-1.7587939E-03
+516.7500E-06,+132.4120589E-03,-3.7688442E-03
+517.0000E-06,+130.9045212E-03,-8.0402009E-03
+517.2500E-06,+136.6834156E-03,-7.7889446E-03
+517.5000E-06,+130.4020086E-03,-8.0402009E-03
+517.7500E-06,+124.3718580E-03,-11.8090451E-03
+518.0000E-06,+128.6432147E-03,-13.8190953E-03
+518.2500E-06,+128.6432147E-03,-7.7889446E-03
+518.5000E-06,+128.6432147E-03,-8.0402009E-03
+518.7500E-06,+132.4120589E-03,-8.0402009E-03
+519.0000E-06,+130.9045212E-03,-8.0402009E-03
+519.2500E-06,+128.6432147E-03,-8.2914572E-03
+519.5000E-06,+128.6432147E-03,-9.7989949E-03
+519.7500E-06,+124.3718580E-03,-8.0402009E-03
+520.0000E-06,+126.3819082E-03,-10.3015074E-03
+520.2500E-06,+120.6030138E-03,-16.0804018E-03
+520.5000E-06,+126.8844208E-03,-16.0804018E-03
+520.7500E-06,+124.8743705E-03,-12.3115577E-03
+521.0000E-06,+120.6030138E-03,-16.0804018E-03
+521.2500E-06,+120.6030138E-03,-16.0804018E-03
+521.5000E-06,+120.6030138E-03,-9.7989949E-03
+521.7500E-06,+116.3316570E-03,-16.0804018E-03
+522.0000E-06,+120.6030138E-03,-21.8592962E-03
+522.2500E-06,+120.6030138E-03,-23.8693465E-03
+522.5000E-06,+112.5628129E-03,-17.8391958E-03
+522.7500E-06,+112.5628129E-03,-28.3919595E-03
+523.0000E-06,+120.6030138E-03,-21.8592962E-03
+523.2500E-06,+105.0251245E-03,-24.1206028E-03
+523.5000E-06,+112.5628129E-03,-17.8391958E-03
+523.7500E-06,+112.5628129E-03,-16.0804018E-03
+524.0000E-06,+112.5628129E-03,-24.1206028E-03
+524.2500E-06,+112.5628129E-03,-24.1206028E-03
+524.5000E-06,+106.2814059E-03,-24.1206028E-03
+524.7500E-06,+108.7939687E-03,-24.1206028E-03
+525.0000E-06,+104.5226119E-03,-24.1206028E-03
+525.2500E-06,+104.5226119E-03,-24.1206028E-03
+525.5000E-06,+112.5628129E-03,-32.1608037E-03
+525.7500E-06,+104.5226119E-03,-32.1608037E-03
+526.0000E-06,+104.5226119E-03,-32.1608037E-03
+526.2500E-06,+104.2713557E-03,-32.1608037E-03
+526.5000E-06,+104.5226119E-03,-32.1608037E-03
+526.7500E-06,+100.7537678E-03,-36.4321604E-03
+527.0000E-06,+102.2613054E-03,-37.9396981E-03
+527.2500E-06,+112.3115566E-03,-32.1608037E-03
+527.5000E-06,+102.7638180E-03,-33.9195976E-03
+527.7500E-06,+96.4824110E-03,-40.2010046E-03
+528.0000E-06,+102.2613054E-03,-40.2010046E-03
+528.2500E-06,+96.4824110E-03,-40.2010046E-03
+528.5000E-06,+102.7638180E-03,-33.9195976E-03
+528.7500E-06,+96.4824110E-03,-44.4723613E-03
+529.0000E-06,+102.2613054E-03,-42.4623111E-03
+529.2500E-06,+88.6934664E-03,-47.9899492E-03
+529.5000E-06,+88.4422101E-03,-46.4824116E-03
+529.7500E-06,+92.7135669E-03,-44.4723613E-03
+530.0000E-06,+91.9597980E-03,-51.7587934E-03
+530.2500E-06,+88.6934664E-03,-47.9899492E-03
+530.5000E-06,+92.9648231E-03,-48.2412055E-03
+530.7500E-06,+92.7135669E-03,-44.4723613E-03
+531.0000E-06,+88.4422101E-03,-40.2010046E-03
+531.2500E-06,+88.4422101E-03,-56.0301501E-03
+531.5000E-06,+88.4422101E-03,-41.9597985E-03
+531.7500E-06,+88.4422101E-03,-52.5125623E-03
+532.0000E-06,+94.2211045E-03,-48.2412055E-03
+532.2500E-06,+88.4422101E-03,-56.2814064E-03
+532.5000E-06,+80.4020092E-03,-56.2814064E-03
+532.7500E-06,+88.4422101E-03,-52.0100497E-03
+533.0000E-06,+86.1809036E-03,-50.5025120E-03
+533.2500E-06,+88.4422101E-03,-48.2412055E-03
+533.5000E-06,+80.4020092E-03,-62.5628134E-03
+533.7500E-06,+80.4020092E-03,-48.2412055E-03
+534.0000E-06,+74.6231148E-03,-48.2412055E-03
+534.2500E-06,+88.1909538E-03,-48.4924618E-03
+534.5000E-06,+80.4020092E-03,-54.5226125E-03
+534.7500E-06,+80.4020092E-03,-52.0100497E-03
+535.0000E-06,+74.6231148E-03,-56.2814064E-03
+535.2500E-06,+72.6130646E-03,-56.5326627E-03
+535.5000E-06,+78.6432152E-03,-56.2814064E-03
+535.7500E-06,+72.3618083E-03,-64.3216074E-03
+536.0000E-06,+72.3618083E-03,-66.5829139E-03
+536.2500E-06,+72.1105520E-03,-64.3216074E-03
+536.5000E-06,+72.3618083E-03,-70.6030143E-03
+536.7500E-06,+68.5929641E-03,-68.5929641E-03
+537.0000E-06,+66.5829139E-03,-64.3216074E-03
+537.2500E-06,+72.1105520E-03,-64.5728636E-03
+537.5000E-06,+72.3618083E-03,-64.3216074E-03
+537.7500E-06,+68.0904515E-03,-60.5527632E-03
+538.0000E-06,+70.1005018E-03,-70.1005018E-03
+538.2500E-06,+64.3216074E-03,-72.3618083E-03
+538.5000E-06,+64.3216074E-03,-74.1206022E-03
+538.7500E-06,+64.3216074E-03,-72.3618083E-03
+539.0000E-06,+58.5427130E-03,-78.1407027E-03
+539.2500E-06,+64.3216074E-03,-87.9396975E-03
+539.5000E-06,+64.3216074E-03,-86.6834162E-03
+539.7500E-06,+64.8241199E-03,-76.6331650E-03
+540.0000E-06,+64.3216074E-03,-78.1407027E-03
+540.2500E-06,+56.5326627E-03,-80.4020092E-03
+540.5000E-06,+62.5628134E-03,-78.6432152E-03
+540.7500E-06,+64.3216074E-03,-80.9045218E-03
+541.0000E-06,+56.2814064E-03,-80.4020092E-03
+541.2500E-06,+56.2814064E-03,-80.4020092E-03
+541.5000E-06,+56.2814064E-03,-80.4020092E-03
+541.7500E-06,+52.0100497E-03,-80.4020092E-03
+542.0000E-06,+54.0200999E-03,-80.4020092E-03
+542.2500E-06,+48.4924618E-03,-80.6532655E-03
+542.5000E-06,+48.2412055E-03,-88.4422101E-03
+542.7500E-06,+52.5125623E-03,-88.4422101E-03
+543.0000E-06,+48.2412055E-03,-94.2211045E-03
+543.2500E-06,+56.0301501E-03,-88.4422101E-03
+543.5000E-06,+54.5226125E-03,-91.2060292E-03
+543.7500E-06,+52.5125623E-03,-88.4422101E-03
+544.0000E-06,+48.2412055E-03,-88.4422101E-03
+544.2500E-06,+48.2412055E-03,-88.4422101E-03
+544.5000E-06,+48.2412055E-03,-80.4020092E-03
+544.7500E-06,+44.4723613E-03,-80.4020092E-03
+545.0000E-06,+40.2010046E-03,-94.2211045E-03
+545.2500E-06,+48.2412055E-03,-88.6934664E-03
+545.5000E-06,+46.4824116E-03,-94.7236171E-03
+545.7500E-06,+44.4723613E-03,-88.4422101E-03
+546.0000E-06,+40.2010046E-03,-88.4422101E-03
+546.2500E-06,+40.2010046E-03,-88.4422101E-03
+546.5000E-06,+40.2010046E-03,-98.2412050E-03
+546.7500E-06,+43.9698488E-03,-96.4824110E-03
+547.0000E-06,+43.7185925E-03,-104.5226119E-03
+547.2500E-06,+39.9497483E-03,-96.4824110E-03
+547.5000E-06,+40.2010046E-03,-102.7638180E-03
+547.7500E-06,+32.1608037E-03,-100.7537678E-03
+548.0000E-06,+32.1608037E-03,-96.4824110E-03
+548.2500E-06,+39.9497483E-03,-104.5226119E-03
+548.5000E-06,+33.9195976E-03,-104.5226119E-03
+548.7500E-06,+32.1608037E-03,-104.0200994E-03
+549.0000E-06,+29.8994972E-03,-104.5226119E-03
+549.2500E-06,+31.9095474E-03,-120.1005012E-03
+549.5000E-06,+32.1608037E-03,-104.5226119E-03
+549.7500E-06,+32.1608037E-03,-108.2914561E-03
+550.0000E-06,+32.1608037E-03,-112.5628129E-03
+550.2500E-06,+31.9095474E-03,-104.7738682E-03
+550.5000E-06,+24.1206028E-03,-106.2814059E-03
+550.7500E-06,+28.3919595E-03,-112.5628129E-03
+551.0000E-06,+29.8994972E-03,-106.7839185E-03
+551.2500E-06,+24.1206028E-03,-104.7738682E-03
+551.5000E-06,+24.1206028E-03,-112.5628129E-03
+551.7500E-06,+19.8492460E-03,-116.3316570E-03
+552.0000E-06,+24.1206028E-03,-112.5628129E-03
+552.2500E-06,+16.3316581E-03,-112.5628129E-03
+552.5000E-06,+16.0804018E-03,-114.3216068E-03
+552.7500E-06,+24.1206028E-03,-112.5628129E-03
+553.0000E-06,+24.1206028E-03,-114.8241194E-03
+553.2500E-06,+16.0804018E-03,-112.8140692E-03
+553.5000E-06,+16.0804018E-03,-120.6030138E-03
+553.7500E-06,+11.8090451E-03,-116.8341696E-03
+554.0000E-06,+21.8592962E-03,-112.5628129E-03
+554.2500E-06,+16.0804018E-03,-120.6030138E-03
+554.5000E-06,+8.0402009E-03,-122.3618077E-03
+554.7500E-06,+11.8090451E-03,-120.6030138E-03
+555.0000E-06,+16.0804018E-03,-120.6030138E-03
+555.2500E-06,+15.8291456E-03,-128.6432147E-03
+555.5000E-06,+16.0804018E-03,-128.6432147E-03
+555.7500E-06,+12.3115577E-03,-124.8743705E-03
+556.0000E-06,+13.8190953E-03,-128.6432147E-03
+556.2500E-06,+16.0804018E-03,-128.8944710E-03
+556.5000E-06,+9.7989949E-03,-128.6432147E-03
+556.7500E-06,+8.0402009E-03,-132.4120589E-03
+557.0000E-06,+8.0402009E-03,-128.6432147E-03
+557.2500E-06,+15.5778893E-03,-120.8542701E-03
+557.5000E-06,+8.0402009E-03,-128.6432147E-03
+557.7500E-06,+0.0E+00,-128.6432147E-03
+558.0000E-06,+2.2613065E-03,-128.6432147E-03
+558.2500E-06,+0.0E+00,-128.6432147E-03
+558.5000E-06,+1.7587939E-03,-136.6834156E-03
+558.7500E-06,-4.2713567E-03,-132.9145714E-03
+559.0000E-06,+0.0E+00,-128.6432147E-03
+559.2500E-06,+0.0E+00,-128.8944710E-03
+559.5000E-06,+0.0E+00,-142.9648226E-03
+559.7500E-06,+0.0E+00,-136.6834156E-03
+560.0000E-06,+0.0E+00,-136.6834156E-03
+560.2500E-06,-251.2563E-06,-144.4723603E-03
+560.5000E-06,-6.2814070E-03,-142.9648226E-03
+560.7500E-06,-4.2713567E-03,-140.4522598E-03
+561.0000E-06,+0.0E+00,-144.7236165E-03
+561.2500E-06,-8.0402009E-03,-136.9346719E-03
+561.5000E-06,-1.7587939E-03,-144.7236165E-03
+561.7500E-06,-3.7688442E-03,-144.7236165E-03
+562.0000E-06,-8.0402009E-03,-150.5025109E-03
+562.2500E-06,-7.7889446E-03,-144.7236165E-03
+562.5000E-06,-8.0402009E-03,-146.4824105E-03
+562.7500E-06,-8.0402009E-03,-148.4924607E-03
+563.0000E-06,-8.0402009E-03,-158.5427119E-03
+563.2500E-06,-8.2914572E-03,-152.7638175E-03
+563.5000E-06,-16.0804018E-03,-159.0452244E-03
+563.7500E-06,-11.8090451E-03,-156.5326616E-03
+564.0000E-06,-10.3015074E-03,-152.7638175E-03
+564.2500E-06,-16.0804018E-03,-152.7638175E-03
+564.5000E-06,-8.0402009E-03,-160.8040184E-03
+564.7500E-06,-16.0804018E-03,-157.0351742E-03
+565.0000E-06,-16.0804018E-03,-152.7638175E-03
+565.2500E-06,-16.3316581E-03,-152.7638175E-03
+565.5000E-06,-22.3618088E-03,-151.0050235E-03
+565.7500E-06,-19.8492460E-03,-157.0351742E-03
+566.0000E-06,-16.0804018E-03,-160.8040184E-03
+566.2500E-06,-16.3316581E-03,-160.8040184E-03
+566.5000E-06,-24.1206028E-03,-160.8040184E-03
+566.7500E-06,-20.3517586E-03,-164.5728626E-03
+567.0000E-06,-16.0804018E-03,-160.8040184E-03
+567.2500E-06,-24.1206028E-03,-153.0150737E-03
+567.5000E-06,-24.1206028E-03,-160.8040184E-03
+567.7500E-06,-24.1206028E-03,-160.8040184E-03
+568.0000E-06,-29.8994972E-03,-155.0251240E-03
+568.2500E-06,-16.3316581E-03,-160.8040184E-03
+568.5000E-06,-25.8793967E-03,-167.0854254E-03
+568.7500E-06,-32.1608037E-03,-165.0753751E-03
+569.0000E-06,-24.1206028E-03,-166.5829128E-03
+569.2500E-06,-24.1206028E-03,-168.8442193E-03
+569.5000E-06,-25.8793967E-03,-170.6030132E-03
+569.7500E-06,-28.3919595E-03,-173.1155760E-03
+570.0000E-06,-32.1608037E-03,-168.8442193E-03
+570.2500E-06,-32.4120600E-03,-168.8442193E-03
+570.5000E-06,-33.9195976E-03,-170.6030132E-03
+570.7500E-06,-27.8894469E-03,-168.8442193E-03
+571.0000E-06,-37.9396981E-03,-174.6231137E-03
+571.2500E-06,-32.1608037E-03,-176.8844202E-03
+571.5000E-06,-33.9195976E-03,-170.6030132E-03
+571.7500E-06,-40.2010046E-03,-176.8844202E-03
+572.0000E-06,-40.2010046E-03,-176.8844202E-03
+572.2500E-06,-40.4522609E-03,-184.6733649E-03
+572.5000E-06,-40.2010046E-03,-176.8844202E-03
+572.7500E-06,-40.7035172E-03,-180.6532644E-03
+573.0000E-06,-40.2010046E-03,-190.7035155E-03
+573.2500E-06,-40.2010046E-03,-184.9246211E-03
+573.5000E-06,-49.9999995E-03,-183.1658272E-03
+573.7500E-06,-40.2010046E-03,-181.1557770E-03
+574.0000E-06,-44.7236176E-03,-190.7035155E-03
+574.2500E-06,-40.2010046E-03,-184.9246211E-03
+574.5000E-06,-41.9597985E-03,-176.8844202E-03
+574.7500E-06,-48.2412055E-03,-184.9246211E-03
+575.0000E-06,-48.2412055E-03,-192.9648221E-03
+575.2500E-06,-56.0301501E-03,-184.9246211E-03
+575.5000E-06,-48.2412055E-03,-186.6834151E-03
+575.7500E-06,-48.2412055E-03,-188.6934653E-03
+576.0000E-06,-42.4623111E-03,-195.2261286E-03
+576.2500E-06,-48.4924618E-03,-192.9648221E-03
+576.5000E-06,-56.2814064E-03,-201.0050230E-03
+576.7500E-06,-47.7386929E-03,-196.7336662E-03
+577.0000E-06,-50.5025120E-03,-198.7437165E-03
+577.2500E-06,-56.2814064E-03,-200.7537667E-03
+577.5000E-06,-54.5226125E-03,-194.7236160E-03
+577.7500E-06,-48.2412055E-03,-196.7336662E-03
+578.0000E-06,-56.2814064E-03,-201.0050230E-03
+578.2500E-06,-56.0301501E-03,-200.7537667E-03
+578.5000E-06,-56.2814064E-03,-201.0050230E-03
+578.7500E-06,-60.5527632E-03,-192.9648221E-03
